№ п/п,Номер SAP,Дивизион,Кластер,Регион,Название СМ,Адрес СМ,Дата обследования,Дата подведения коммуникаций,Дата поступления робота на СМ,Дата ПНР,GEOCODE_LAT,GEOCODE_LON,GEOCODE_ADDRESS,GEOCODE_REGION
1,B379,Москва Север,Кластер Москва 05 Северо-Восток 1,Москва и МО,София,"Москва, Сиреневый бульвар, д. 31",,,,,55.8036995,37.8005665,"Сиреневый б-р, 31, Москва, Россия, 105215",Москва
2,2151,Москва Север,Кластер Москва 01 Восток 1,Москва и МО,Саянская,"г.Москва, ул. Саянская, д. 8 А",,,,,55.76710070000001,37.8288948,"Саянская ул., 8А, Москва, Россия, 111555",Москва
3,B177,Центр Север,Кластер Золотое Кольцо Север 07 Северо-Запад,Москва и МО,Истра Шнырёва,"МО, Истринский  р-н,  г. Истра, ул. Шнырёва, д. 4",,,,,55.9145725,36.8682451,"Улица Шнырева, 4, Истра, Московская обл., Россия, 143500",Муниципальный округ Истра
4,2557,Москва Север,Кластер Москва 03 Север 1,Москва и МО,Милашенкова,"г.Москва, ул.Милашенкова д.8",,,,,55.8250797,37.5854584,"ул. Милашенкова, 8, Москва, Россия, 127322",Москва
5,2101,Москва Юг,Кластер Москва 07 Юго-Запад 2,Москва и МО,Калужская,"г.Москва, ул. Профсоюзная, д.61 А",,,,,55.65598749999999,37.5418248,"ул. Профсоюзная, 61А, Москва, Россия, 117420",Москва
6,2922,Москва Юг,Кластер Москва 04 Юго-Восток 1,Москва и МО,Москворечье,"г. Москва, Каширское шоссе д.2б",,,,,55.644492,37.673461,"Каширское ш., 2Б, Москва, Россия, 115409",Москва
7,B008,Москва Север,Кластер Москва 07 Северо-Запад,Москва и МО,ВТБ АРЕНА ПАРК,"Москва, Ленинградский проспект, д.36",,,,,55.7872042,37.5663403,"Ленинградский пр-т., 36, Москва, Россия, 125167",Москва
8,2824,Москва Север,Кластер Москва 02 Запад 2,Москва и МО,"Народного Ополчения, 7к","г. Москва, ул. Народного Ополчения, 24",,,,,55.7800242,37.480241,"ул. Народного Ополчения, 24, Москва, Россия, 123423",Москва
9,2004,Москва Юг,Кластер Москва Центр 08 Юг,Москва и МО,Пролетарская П-МИНИ-24,"г.Москва, 3-й Крутицкий переулок, д.18",,,,,55.7318917,37.6640579,"3-й Крутицкий пер., 18, Москва, Россия, 109044",Москва
10,2343,Москва Юг,Кластер Москва 03 Юг,Москва и МО,Ясногорская-2,г. Москва ул. Ясногорская д. 2,,,,,55.6103247,37.5364534,"Ясногорская ул., 2, Москва, Россия, 117588",Москва
11,B046,Москва Юг,Кластер Москва 01 Восток 2,Москва и МО,Шоссейная 49,"г. Москва, ул. Шоссейная 49",,,,,55.675128,37.7237599,"Шоссейная ул., 49, Москва, Россия, 109383",Москва
12,2325,Москва Юг,Кластер Москва 03 Юг,Москва и МО,Варшавский,"г.Москва Варшавское шоссе, д.87 ""б""",,,,,55.6536032,37.6205457,"ТДЦ «ВАРШАВСКИЙ», Варшавское ш., 87Б, Москва, Россия, 117556",Москва
13,2418,Москва Север,Кластер Москва 06 Северо-Восток 2,Москва и МО,"Москва, Шереметьевская, 6","г.Москва, Шереметьевская 6, стр.1",,,,,55.79502669999999,37.6169415,"Шереметьевская ул., 6, к. 1, Москва, Россия, 129594",Москва
14,B192,Москва Север,Кластер Москва 05 Северо-Восток 1,Москва и МО,"Щелковский,75",г. Москва Щелковское ш вл.75         ,,,,,55.81136369999999,37.8012398,"Щёлковское ш., 75, Москва, Россия, 107207",Москва
15,2078,Москва Север,Кластер Москва 04 Север 2,Москва и МО,Онежская,"г.Москва, ул. Онежская, д. 34, кор. 1",,,,,55.85888929999999,37.5109002,"ул. Онежская, 34 корпус 1, Москва, Россия, 125413",Москва
16,2833,Центр Юг,Кластер Большая Москва 05 Юго-Восток,Москва и МО,Авиаконструктора Миля,г.Москва ул.Авиаконструктора Миля вл.7,,,,,55.68618559999999,37.8552457,"ул. Авиаконструктора Миля, 7, Москва, Россия, 109156",Москва
17,2825,Москва Север,Кластер Москва 01 Восток 1,Москва и МО,"Магнитогорская, 7к","Москва, ул. Магнитогорская, д. 2.",,,,,55.772692,37.8211669,"Магнитогорская ул., 2, Москва, Россия, 105568",Москва
18,2445,Москва Север,Кластер Москва 04 Север 2,Москва и МО,Башиловский,"г. Москва, Тимирязевская 2/3",,,,,55.8079317,37.5737787,"Тимирязевская ул., 2/3, Москва, Россия, 127287",Москва
19,2036,Москва Юг,Кластер Москва 05 Юго-Восток 2,Москва и МО,Варшавка,"г.Москва, Варшавское шоссе, д. 124, кор 1",,,,,55.6276384,37.6159435,"Варшавское ш., 124 корпус 1, Москва, Россия, 117587",Москва
20,2581,Москва Юг,Кластер Москва Центр 08 Юг,Москва и МО,Большая Тульская,"Москва, ул. Б. Тульская, д.2",,,,,55.7091985,37.6207815,"Большая Тульская ул., 2, Москва, Россия, 115191",Москва
21,2634,Москва Юг,Кластер Москва 02 Запад 1,Москва и МО,Фестиваль,"г.Мрсква, Мичуринский пр-кт, ул. Олимпийская деревня, д.3 корп.1",,,,,55.67766169999999,37.4672756,"ул. Мичуринский Проспект, Олимпийская деревня, 3, к. 1, Москва, Россия, 119602",Москва
22,2281,Центр Север,Кластер Золотое Кольцо Север 07 Северо-Запад,Москва и МО,Олимп,"г.Тверь, Тверской пр-т, 2",,,,,56.85295379999999,35.907637,"Тверской просп., 2, Тверь, Тверская обл., Россия, 170100",город Тверь
23,2941,Москва Юг,Кластер Москва 03 Юг,Москва и МО,Новоясеневский 7,"г. Москва, Новоясеневский прспект 7",,,,,55.607188,37.5322393,"ТЦ ""Калита, Новоясеневский пр., 7, Москва, Россия, 117588",Москва
24,B309,Москва Север,Кластер Москва 04 Север 2,Москва и МО,Универсам 76,"Москва Петрозаводская, 24 а, стр 1.",,,,,55.86758529999999,37.4932848,"Петрозаводская ул., 24А строение 1, Москва, Россия, 125502",Москва
25,B180,Центр Север,Кластер Большая Москва 03 Северо-Восток,Москва и МО,Долгопрудный ТЦ Город,"Московская обл.,  г. Долгопрудный, Лихачёвский проспект, д.76А",,,,,55.93679299999999,37.4926395,"Лихачевский просп., 76а, Долгопрудный, Московская обл., Россия, 141707",Городской округ Долгопрудный
26,2051,Москва Север,Кластер Москва Центр 08 Север,Москва и МО,Краснопрудная,"г.Москва, ул. Краснопрудная, д 13А",,,,,55.7805575,37.66615890000001,"Краснопрудная ул., 13А, Москва, Россия, 107140",Москва
27,2638,Москва Север,Кластер Москва 02 Запад 2,Москва и МО,Хорошевка,"г.Москва, Хорошевское ш., вл.27",,,,,55.7765548,37.5240288,"Хорошёвское ш., 27, Москва, Россия, 123007",Москва
28,2034,Москва Юг,Кластер Москва 05 Юго-Восток 2,Москва и МО,Глобус,"г.Москва, ул. Кировоградская, д.14",,,,,55.62261239999999,37.6061283,"Кировоградская ул., 14, Москва, Россия, 117587",Москва
29,2360,Москва Юг,Кластер Москва 03 Юг,Москва и МО,Северное Чертаново,"г. Москва Микрорайон Северное Чертаново, д.1А",,,,,55.6366411,37.5982863,"микрорайон Северное Чертаново, 1А, Москва, Россия, 117648",Москва
30,2458,Москва Юг,Кластер Москва Центр 08 Юг,Москва и МО,ГАСТРОНОМ ТАГАНСКИЙ,"г.Москва, ул.Марксистская, 1",,,,,55.73737999999999,37.66362,"Марксистская ул., 1, Москва, Россия, 109147",Москва
31,2669,Москва Север,Кластер Москва 06 Северо-Восток 2,Москва и МО,"Ростокино,Триколор","Москва, Проспект Мира, д. 188Б, кор.2.",,,,,55.8350474,37.6589056,"пр-т Мира, 188Б, корпус 2, Москва, Россия, 129128",Москва
32,2388,Москва Север,Кластер Москва 07 Северо-Запад,Москва и МО,Тушино-Плаза,"г.Москва,  Сходненская, 56",,,,,55.8503501,37.4445964,"Сходненская ул., 56, Москва, Россия, 125364",Москва
33,2318,Москва Север,Кластер Москва 07 Северо-Запад,Москва и МО,Планерная,"г.Москва, ул. Планерная, д. 7",,,,,55.8628139,37.4349881,"ТПУ Планерная, Планерная ул., 7, Москва, Россия, 125480",Москва
34,2084,Москва Север,Кластер Москва 04 Север 2,Москва и МО,Дмитровка,"г.Москва, Дмитровское шоссе, д. 89",,,,,55.863811,37.5452283,"Дмитровское ш., 89, Москва, Россия, 127486",Москва
35,2823,Москва Юг,Кластер Москва 01 Восток 2,Москва и МО,"Перерва, 7к","г. Москва, ул. Перерва   д. 43 корпус 1",,,,,55.6598012,37.7496474,"ул. Перерва, 43, стр. 1, Москва, Россия, 109341",Москва
36,2641,Центр Юг,Кластер Большая Москва 06 Юго-Запад 1,Москва и МО,Солнцево Парк,"г.Москва, п.Внуковское, ул. Летчика Ульянина, дом. 5",,,,,55.6257805,37.3060841,"ул. Летчика Ульянина, 5, Москва, Россия, 119027",Москва
37,B440,Москва Север,Кластер Москва Центр 08 Север,Москва и МО,Протопоповский,"г. Москва, Протопоповский пер, д3",,,,,55.78059039999999,37.634776,"Протопоповский пер., 3, Москва, Россия",Москва
38,2276,Москва Юг,Кластер Москва 04 Юго-Восток 1,Москва и МО,Коломенская,"Москва, ул.Коломенская, д. 7",,,,,55.68225589999999,37.7026936,"Коломенская ул., 7, Москва, Россия, 115142",Москва
39,2018,Москва Север,Кластер Москва 05 Северо-Восток 1,Москва и МО,Щербаковская,"г.Москва, ул. Щербаковская, д.  7А",,,,,55.78276,37.726592,"ул. Щербаковская, 7, А, Москва, Россия, 105318",Москва
40,2000,Центр Юг,Кластер Большая Москва 01 Восток 1,Москва и МО,Новокосино,"г.Москва, ул. Новокосинская, д.14 А",,,,,55.7377872,37.8568533,"ул. Новокосинская, 14а, Москва, Россия, 111672",Москва
41,2351,Центр Юг,Кластер Большая Москва 07 Юго-Запад 2,Москва и МО,Адмирала Ушакова,"г. Москва, бульвар  Адмирала Ушакова д.7  ",,,,,55.5463062,37.5512338,"б-р Адмирала Ушакова, 7, Москва, Moscow Oblast, Россия, 117624",Москва
42,2712,Москва Север,Кластер Москва 03 Север 1,Москва и МО,Керамический,"Москва, Керамический, д. 51",,,,,55.8756755,37.5659168,"Керамический пр-д, 51, Москва, Россия, 127540",Москва
43,2240,Центр Юг,Кластер Большая Москва 07 Юго-Запад 2,Москва и МО,Адмирала Лазарева-универсам,"г.Москва, ул.Адмирала Лазарева, 52",,,,,55.54277639999999,37.5181747,"ул. Адмирала Лазарева, 52, Москва, Россия, 117041",Москва
44,2414,Москва Север,Кластер Москва 05 Северо-Восток 1,Москва и МО,ЖК Измайловский,"г.Москва г, Первомайская ул, 42",,,,,55.7917892,37.7879255,"ул. Первомайская, 42, Москва, Россия, 105043",Москва
45,2617,Москва Север,Кластер Москва 03 Север 1,Москва и МО,Дубнинская-Петровский,"Москва, Дубнинская д.30",,,,,55.8773649,37.5591426,"Дубнинская ул., 30, Москва, Россия, 127591",Москва
46,B279,Центр Юг,Кластер Большая Москва 05 Юго-Восток,Москва и МО,Большой Жуковский,"МО, г. Жуковский, ул. Гагарина, д.60А",,,,,55.6102171,38.0880848,"ул. Гагарина, 60а, Жуковский, Московская обл., Россия, 140180",Городской округ Жуковский
47,2729,Центр Юг,Кластер Большая Москва 03 Юг 1,Москва и МО,"Видное,Березовая","МО, Видное, Березовая, 8",,,,,55.5406578,37.7184028,"ул. Березовая, 8, Видное, Московская обл., Россия, 142701",Ленинский городской округ
48,2108,Москва Юг,Кластер Москва Центр 08 Юг,Москва и МО,Полянка,"г.Москва, ул. Большая Полянка, д. 28, стр. 1",,,,,55.7419496,37.6163089,"ул. Большая Полянка, 28 корпус 1, Москва, Россия, 119180",Москва
49,B199,Центр Юг,Кластер Золотое Кольцо Юг 08 Юго-Восток,Москва и МО,Исток,г. Новомосковск ул. Калинина 22/47,,,,,54.01210889999999,38.3058025,"ул. Калинина, 22/47, Новомосковск, Тульская обл., Россия, 301650",город Новомосковск
50,B132,Москва Север,Кластер Москва 04 Север 2,Москва и МО,"Дмитровское ш, 80","Москва Дмитровское ш, д 80, стр 1",,,,,55.8639717,37.5509052,"Я Любимый, Дмитровское ш., 80, стр. 1, Москва, Россия, 127474",Москва
51,2119,Центр Юг,Кластер Большая Москва 07 Юго-Запад 2,Москва и МО,Северное Бутово,"г.Москва, ул. Старокачаловская, д. 1 Б",,,,,55.5685472,37.58529420000001,"Старокачаловская ул., 1Б, Москва, Россия, 117216",Москва
52,B392,Москва Север,Кластер Москва 02 Запад 2,Москва и МО,Фаворит,"Москва, Хорошевское шоссе, 16 стр 3",,,,,55.7742884,37.545875,"Хорошёвское ш., 16 строение 3, Москва, Россия, 125284",Москва
53,2350,Москва Юг,Кластер Москва 03 Юг,Москва и МО,Паустовский,г.Москва ул Паустовского .6 корп 1,,,,,55.600312,37.539012,"ул. Паустовского, 6, к. 1, Москва, Россия, 117463",Москва
54,2025,Москва Юг,Кластер Москва 01 Восток 2,Москва и МО,Будапешт,"г.Москва, ул. Зеленодольская, д. 40",,,,,55.7040951,37.7657418,"ул. Зеленодольская, 40, Москва, Россия, 109457",Москва
55,2607,Центр Юг,Кластер Большая Москва 06 Юго-Запад 1,Москва и МО,Боровское шоссе-Петровский,"г.Москва, Боровское ш., д.35",,,,,55.5762303,37.1294079,"Боровское ш., 35, Власово, Москва, Россия, 143391",Москва
56,B152,Москва Юг,Кластер Москва 03 Юг,Москва и МО,"Севастопольский, 28",Москва Севастопольский пр-т 28,,,,,55.6643656,37.5758682,"корп. 8/1, Севастопольский пр., 28, Москва, Россия, 117209",Москва
57,2115,Москва Юг,Кластер Москва 07 Юго-Запад 2,Москва и МО,Новоясеневский,"г.Москва, ул. Голубинская, д. 5, кор. 1",,,,,55.6070218,37.5130771,"Голубинская ул., 5, Москва, Россия, 117574",Москва
58,B114,Москва Юг,Кластер Москва 04 Юго-Восток 1,Москва и МО,Ореховый бульвар,Ореховый Бульвар д.14 к.3,,,,,55.6094836,37.7199047,"Ореховый б-р, 14, корп. 3, Москва, Россия, 115583",Москва
59,B432,Центр Юг,Кластер Золотое Кольцо Юг 09 Юго-Запад,Москва и МО,Чехов,"г. Чехов, Симферопольское шоссе, 1",,,,,55.16164389999999,37.4683081,"Симферопольское ш., 1, Чехов, Московская обл., Россия, 142300",Муниципальный округ Чехов
60,B360,Центр Юг,Кластер Большая Москва 04 Юг 2,Москва и МО,Видное Сухановская,"МО, г. Видное, рп. Лопатино, ул. Сухановская, д. 1, стр. 1",,,,,55.5360235,37.6388956,"ул. Сухановская, 1 корпус 1, Лопатино, Московская обл., Россия, 142702",Ленинский городской округ
61,2106,Москва Юг,Кластер Москва 07 Юго-Запад 2,Москва и МО,Миклухо-Маклая,"г.Москва, ул. Миклухо-Маклая, д. 37",,,,,55.6457229,37.52157529999999,"ул. Миклухо-Маклая, 37, Москва, Россия, 117485",Москва
62,2333,Москва Юг,Кластер Москва 04 Юго-Восток 1,Москва и МО,Шипиловский,г. Москва ул. Шипиловская 50 к1,,,,,55.621221,37.738108,"Шипиловская ул., 50, к. 1, Москва, Россия, 115573",Москва
63,2047,Москва Север,Кластер Москва 03 Север 1,Москва и МО,Алтуфьево,"г.Москва, ул.  Череповецкая, д.17",,,,,55.8989079,37.5850715,"Череповецкая ул., 17, Москва, Россия, 127572",Москва
64,B109,Москва Север,Кластер Москва 03 Север 1,Москва и МО,Череповецкая 18," г. Москва, ул. Череповецкая 18",,,,,55.8977353,37.5788659,"Череповецкая ул., 18, Москва, Россия, 127576",Москва
65,2006,Москва Север,Кластер Москва 01 Восток 1,Москва и МО,Паперника,"г.Москва, Рязанский проспект, д. 28, стр. 1",,,,,55.71907419999999,37.7791404,"Рязанский пр., 28, стр. 1, Москва, Россия, 109428",Москва
66,2076,Центр Север,Кластер Большая Москва 05 Северо-Запад 2,Москва и МО,Зеленоград,"г. Зеленоград, мкр 15, кор.1549",,,,,55.98715259999999,37.2021514,"Зеленоград, Москва, Россия",Москва
67,2048,Москва Север,Кластер Москва 03 Север 1,Москва и МО,Бибирево,"г.Москва, ул. Плещеева, д. 4",,,,,55.8838484,37.6062367,"ул. Плещеева, 4, Москва, Россия, 127560",Москва
68,2059,Москва Юг,Кластер Москва 06 Юго-Запад 1,Москва и МО,Никулино,"г.Москва, ул. Покрышкина, д. 5",,,,,55.6643924,37.4692098,"ул. Покрышкина, 5, Москва, Россия, 119602",Москва
69,B196,Центр Юг,Кластер Золотое Кольцо Юг 09 Юго-Запад,Москва и МО,Бронницы Каширский,Г.Бронницы Каширский переулок 66,,,,,55.4171546,38.24683390000001,"Каширский пер., 66, Бронницы, Московская обл., Россия, 140170",Городской округ Бронницы
70,B372,Москва Север,Кластер Москва 03 Север 1,Москва и МО,Форт Отрадное,"Москва, ул Декабристов, 12  ",,,,,55.5367503,37.0271891,"ул. Декабристов, 12, Апрелевка, Московская обл., Россия, 143395",Наро-Фоминский городской округ
71,2415,Москва Север,Кластер Москва 02 Запад 2,Москва и МО,"Таллинская, 7","г.Москва, Таллинская 7,",,,,,55.7999211,37.3967934,"Таллинская ул., 7, Москва, Россия, 123458",Москва
72,B214,Центр Юг,Кластер Большая Москва 03 Юг 1,Москва и МО,Домодарский,"МО, г. Домодедово, ул. Краснодарская д.2",,,,,55.4596801,37.7569291,"Краснодарская ул., 2, Домодедово, Московская обл., Россия, 142001",Городской округ Домодедово
73,B488,Центр Юг,Кластер Большая Москва 01 Восток 1,Москва и МО,Реутов Юбилейная (Виктория),"г. Реутов, Юбилейный пр-т 57",,,,,55.7536509,37.8817408,"Юбилейный пр., 57, Реутов, Московская обл., Россия, 143969",Городской округ Реутов
74,B491,Москва Юг,Кластер Москва 03 Юг,Москва и МО,ТЦ Штаер ,"г. Москва, Балаклавский пр-т, д. 5А",,,,,55.6406114,37.60823,"Балаклавский пр., 5А, Москва, Россия, 117639",Москва
75,B516,Москва Север,Кластер Москва 06 Северо-Восток 2,Москва и МО,Ботаника Молл,"г. Москва , улица Вильгельма Пика ,д. 11",,,,,55.8440307,37.63742269999999,"ул. Вильгельма Пика, 11, Москва, Россия, 129226",Москва
76,2483,Центр Юг,Кластер Золотое Кольцо Юг 08 Юго-Восток,Москва и МО,Тула-Лейтейзена,"г.Тула, ул. Лейтейзена , д.18.",,,,,54.1915007,37.6013815,"ул. Лейтейзена, 18, Тула, Тульская обл., Россия, 300035",город Тула
77,B200,Волга,Кластер Волга 05 Нижний Новгород 2,Нижний Новгород,Плотникова,"Нижегородская обл., г. Нижний Новгород., Плотникова ул. 3А, ",,,,,56.2593022,43.8567078,"ул. Плотникова, 3А, Нижний Новгород, Нижегородская обл., Россия, 603138",город Нижний Новгород
78,B001,Восток,Кластер ДВ 02 Екатеринбург 2,Екатеринбург,"Екатеринбург, МАКСИДОМ","г.Екатеринбург,Тверитина ул., д.45",,,,,56.8215975,60.62376870000001,"ул. Тверитина, 45, Екатеринбург, Свердловская обл., Россия, 620026",город Екатеринбург
79,B070,Восток,Кластер ДВ 02 Екатеринбург 2,Екатеринбург,Парк Хаус,"Свердловская обл., г. Екатеринбург, ул. Сулимова, д.50",,,,,56.8637934,60.6306044,"ул. Сулимова, 50, Екатеринбург, Свердловская обл., Россия, 620137",город Екатеринбург
80,B238,Восток,Кластер ДВ 02 Екатеринбург 2,Екатеринбург,Екатеринбург Мегаполис,"г. Екатеринбург, ул. 8 Марта д.149.",,,,,56.806891,60.6122168,"ул. 8 Марта, 149, Екатеринбург, Свердловская обл., Россия, 620142",город Екатеринбург
81,B245,Восток,Кластер ДВ 02 Екатеринбург 2,Екатеринбург,"Екатеринбург, Глобус",г. Екатеринбург ул. Щербакова д.4,,,,,56.7888002,60.6485754,"ул. Щербакова, 4, Екатеринбург, Свердловская обл., Россия, 620076",город Екатеринбург
82,2143,Санкт-Петербург Юг,Кластер СПЮ 03 Купчино,Санкт-Петербург и ЛО,Французский бульвар,"СПб, б-р Новаторов, д.11, лит.А",,,,,59.8501211,30.26837579999999,"б-р Новаторов, 11, Санкт-Петербург, Россия, 198216",Санкт-Петербург
83,2425,Санкт-Петербург Юг,Кластер СПЮ 06 Юг,Санкт-Петербург и ЛО,Дачный,"Спб, Дачный проспект, д 9, корп.1, лит А",,,,,59.84644100000001,30.245044,"Дачный пр., 9, корп.1, этаж2, Санкт-Петербург, Россия, 198255",Санкт-Петербург
84,2428,Санкт-Петербург Юг,Кластер СПЮ 06 Юг,Санкт-Петербург и ЛО,Петергоф,"198504, Петергоф, ул Гостилицкая, 2а",,,,,59.87891639999999,29.8607713,"Гостилицкая ул., 2А, Санкт-Петербург, Россия, 198504",Санкт-Петербург
85,B169,Санкт-Петербург Юг,Кластер СПЮ 06 Юг,Санкт-Петербург и ЛО,Солнечный город,"г. С-Петербург,  Ветеранов пр., д. 169, к.4, строение 1",,,,,59.8358368,30.1291598,"пр-т. Ветеранов, 169 корпус 4 стр.1, Санкт-Петербург, Россия, 198264",Санкт-Петербург
86,B213,Санкт-Петербург Юг,Кластер СПЮ 03 Купчино,Санкт-Петербург и ЛО,Дунайский,"СПб, Бухарестская ул., д.89 лит А",,,,,59.8329668,30.4140137,"Бухарестская ул., 89, Санкт-Петербург, Россия, 192283",Санкт-Петербург
87,B273,Санкт-Петербург Юг,Кластер СПЮ 06 Юг,Санкт-Петербург и ЛО,Ульянка,"СПб, Ветеранов  пр., д.101, корп.1,    лит. А, этаж 1, часть пом. №11-Н, №1-38, 39, 40, 43-49",,,,,59.8343563,30.2058842,"пр-т. Ветеранов, 101, этаж 1, T, Санкт-Петербург, Россия, 190000",Санкт-Петербург
88,B233,Санкт-Петербург Юг,Кластер СПЮ 06 Юг,Санкт-Петербург и ЛО,Фиолент,"СПб, Ленинский  пр-т., д.100, корп.1,  лит. А, пом. 1-Н,2-Н,3-Н,4-Н,5-Н",,,,,59.8530175,30.2195884,"Ленинский пр-т., 100 корпус 1, н 5 н, Санкт-Петербург, Россия, 198332",Санкт-Петербург
89,2656,Санкт-Петербург Юг,Кластер СПЮ 02 Колпино,Санкт-Петербург и ЛО,Порт Находка,"СПб, ст. Рыбацкое, участок ж.д, ул. Юнатов-ст.Рыбацкое, лит.Е",,,,,59.83093129999999,30.5001038,"Рыбацкое, Санкт-Петербург, Россия, 192177",Санкт-Петербург
90,2144,Санкт-Петербург Юг,Кластер СПЮ 03 Купчино,Санкт-Петербург и ЛО,Южный полюс,"СПб, Пражская ул., д.48/50, лит А",,,,,59.86342529999999,30.4038983,"Пражская ул., 48/50, Санкт-Петербург, Россия, 192241",Санкт-Петербург
91,2274,Санкт-Петербург Юг,Кластер СПЮ 03 Купчино,Санкт-Петербург и ЛО,Балканы,"СПб, Балканская пл., д. 5, лит. О",,,,,59.82552810000001,30.3828381,"Балканская пл., 5, Санкт-Петербург, Россия, 192281",Санкт-Петербург
92,2136,Санкт-Петербург Юг,Кластер СПЮ 05 Центр,Санкт-Петербург и ЛО,Нептун,"СПб, Марата ул. д.86",,,,,59.918931,30.3385042,"ул. Марата, 86, Санкт-Петербург, Россия, 191119",Санкт-Петербург
93,2689,Санкт-Петербург Юг,Кластер СПЮ 05 Центр,Санкт-Петербург и ЛО,Перинные ряды,"Санкт-Петербург, ул.Думская,4,литА",,,,,59.9339188,30.3289052,"Думская ул., 4, Санкт-Петербург, Россия, 191186",Санкт-Петербург
94,B205,Санкт-Петербург Юг,Кластер СПЮ 05 Центр,Санкт-Петербург и ЛО,Красных фортов,"Ленинградская обл, Сосновый бор г., Красных фортов 26 ",,,,,59.910237,29.07964339999999,"ул. Красных Фортов, 26, Сосновый Бор, Ленинградская обл., Россия, 188542",город Сосновый Бор
95,2787,Санкт-Петербург Север,Кластер СПС 06 Север,Санкт-Петербург и ЛО,Парнас_Автосалон,"СПБ., пос. Парголово, 4-й Верхний переулок, д.1а,  лит. Б",,,,,60.07123139999999,30.3406617,"4-й Верхний пер., 1А, Санкт-Петербург, Россия, 194292",Санкт-Петербург
96,2273,Санкт-Петербург Север,Кластер СПС 06 Север,Санкт-Петербург и ЛО,Норд,"СПб, Просвещения пр., д. 19, лит. А",,,,,60.0524595,30.3324096,"пр. Просвещения, 19, Санкт-Петербург, Россия, 194358",Санкт-Петербург
97,B112,Санкт-Петербург Север,Кластер СПС 06 Север,Санкт-Петербург и ЛО,Художников,"г. С-Петербург,  Художников пр., д. 13, корп.1, лит. А",,,,,60.03373509999999,30.3676219,"корп. 1, лит. А, пр. Культуры, 21, Санкт-Петербург, Россия, 195276",Санкт-Петербург
98,B270,Санкт-Петербург Север,Кластер СПС 02 Курортный,Санкт-Петербург и ЛО,Яхтенная,"СПб, ул. Савушкина,116",,,,,59.98592840000001,30.2182669,"ул. Савушкина, 116, Санкт-Петербург, Россия, 197374",Санкт-Петербург
99,B322,Санкт-Петербург Север,Кластер СПС 06 Север,Санкт-Петербург и ЛО,Руднева,"Санкт Петербург, Просвещения 60 к1 лит А ",,,,,60.04687550000001,30.3658132,"пр. Просвещения, 60, Санкт-Петербург, Россия, 194291",Санкт-Петербург
100,2148,Санкт-Петербург Юг,Кластер СПЮ 04 Острова,Санкт-Петербург и ЛО,Морской,"СПб, Кораблестроителей ул., д. 21, к. 1, лит.А",,,,,59.94573249999999,30.2153166,"ул. Кораблестроителей, 21, корп. 1, Санкт-Петербург, Россия, 199226",Санкт-Петербург
101,2265,Санкт-Петербург Юг,Кластер СПЮ 04 Острова,Санкт-Петербург и ЛО,Шкиперский,"СПб, Малый пр., д. 88, лит. А",,,,,60.0190229,30.6115531,"Малый пр., 88, Всеволожск, Ленинградская обл., Россия, 188641",Всеволожский район
102,2269,Санкт-Петербург Юг,Кластер СПЮ 04 Острова,Санкт-Петербург и ЛО,Остров,"СПб, Средний пр., д. 39/40, 38, лит. Ж",,,,,60.1972347,29.6651039,"Средний пр., 39, 38, Санкт-Петербург, Россия, 199004",Санкт-Петербург
103,2270,Санкт-Петербург Юг,Кластер СПЮ 04 Острова,Санкт-Петербург и ЛО,Корабли,"СПб, Кораблестроителей ул., д. 31, лит. А",,,,,59.93959189999999,30.2308693,"д, 31, лит.А, Санкт-Петербург, Россия, 199406",Санкт-Петербург
104,B294,Санкт-Петербург Юг,Кластер СПЮ 04 Острова,Санкт-Петербург и ЛО,Гавань,"СПб, Санкт Петербург, Наличная 44, корп1 строение 1  ",,,,,59.9530281,30.2251351,"Наличная ул., 44, 1, Санкт-Петербург, Россия, 199397",Санкт-Петербург
105,B229,Санкт-Петербург Юг,Кластер СПЮ 04 Острова,Санкт-Петербург и ЛО,Сопот,"СПб, Железноводская  ул., д.68   лит. Б, ",,,,,59.9492024,30.2342422,"Железноводская ул., 68, Санкт-Петербург, Россия, 199155",Санкт-Петербург
106,B171,Санкт-Петербург Север,Кластер СПС 01 Восток,Санкт-Петербург и ЛО,Петрозаводск Макси,"Карелия Респ, Г.Петрозаводск, Ленина (Центральный р-н),пр-кт, д. 14",,,,,61.77816170000001,34.3640396,"Петрозаводск, Респ. Карелия, Россия",город Петрозаводск
107,B343,Санкт-Петербург Север,Кластер СПС 05 Регионы,Мурманск,"Мурманск, Волна","г. Мурманск, ул. Ленинградская, д. 20/3",,,,,68.9704647,33.0717163,"Универмаг ""Волна"", Ленинградская ул., 20/3, 3 этаж, Мурманск, Мурманская обл., Россия, 183038",город Мурманск
108,B346,Санкт-Петербург Север,Кластер СПС 05 Регионы,Мурманск,Апатиты,"Мурманская обл, Апатиты, Козлова ул.10",,,,,67.5707932,33.3687644,"ул. Козлова, 10, Апатиты, Мурманская обл., Россия, 184210",город Апатиты
109,B336,Санкт-Петербург Север,Кластер СПС 05 Регионы,Мурманск,"Мурманск, Героев Рыбачьего","г. Мурманск, ул. Героев Рыбачьего, д. 51",,,,,68.8884283,33.0969932,"ул. Героев рыбачьего, 51, Мурманск, Мурманская обл., Россия, 183053",город Мурманск
110,2135,Санкт-Петербург Север,Кластер СПС 04 Приморский,Санкт-Петербург и ЛО,Континент,"СПб, Репищева ул, д.13, к.1",,,,,60.0235836,30.2838303,"Репищева ул., 13, корп. 1, Санкт-Петербург, Россия, 197375",Санкт-Петербург
111,B017,Санкт-Петербург Север,Кластер СПС 04 Приморский,Санкт-Петербург и ЛО,Парашютная,"СПб, Парашютная ул 46",,,,,60.0324222,30.2482712,"Парашютная ул., 46, Санкт-Петербург, Россия, 197349",Санкт-Петербург
112,B329,Санкт-Петербург Юг,Кластер СПЮ 02 Колпино,Санкт-Петербург и ЛО,Мармелад. ,"Новгородская обл., г. Великий Новгород, ул. Ломоносова, д.29.",,,,,58.54072060000001,31.2454436,"ул. Ломоносова, 29, Великий Новгород, Новгородская обл., Россия, 173016",город Великий Новгород
113,2858,Санкт-Петербург Юг,Кластер СПЮ 02 Колпино,Санкт-Петербург и ЛО,Колпино Трудящихся,". Санкт-Петербург, г. Колпино, бульвар Трудящихся, д.12, лит. А",,,,,59.73706809999999,30.57190319999999,"б-р Трудящихся, 12, Санкт-Петербург, Россия, 196657",Санкт-Петербург
114,2267,Санкт-Петербург Север,Кластер СПС 02 Курортный,Санкт-Петербург и ЛО,Меркурий,"г.Санкт-Петербург, Савушкина ул., д.141, лит.А",,,,,59.9898596,30.2051055,"ул. Савушкина, 141, Санкт-Петербург, Россия, 197374",Санкт-Петербург
115,B266,Санкт-Петербург Север,Кластер СПС 02 Курортный,Санкт-Петербург и ЛО,Оптиков,"СПб, Оптиков  ул., д.40/17, лит А, пом.№1-Н, комн.№1-12",,,,,60.00040749999999,30.2103734,"ул. Оптиков, 40/17, Санкт-Петербург, Россия, 197082",Санкт-Петербург
116,2427,Санкт-Петербург Юг,Кластер СПЮ 01 Большевиков,Санкт-Петербург и ЛО,Пятилеток,"193318, Санкт-Петербург, Пятилеток пр-кт,2",,,,,59.92051660000001,30.4672083,"пр. Пятилеток, 2, Санкт-Петербург, Россия, 193318",Санкт-Петербург
117,B086,Санкт-Петербург Север,Кластер СПС 01 Восток,Санкт-Петербург и ЛО, Кудрово ,"Спб, Европейский 21",,,,,59.9097356,30.5145308,"Европейский просп., 21, Кудрово, Ленинградская обл., Россия",Всеволожский район
118,B073,Санкт-Петербург Юг,Кластер СПЮ 01 Большевиков,Санкт-Петербург и ЛО,Большой ,СпБ пр. Большевиков д 32,,,,,59.895501,30.49331299999999,"гипермаркет ""Перекрёсток, пр. Большевиков, 32, Санкт-Петербург, Россия, 193232",Санкт-Петербург
119,2142,Санкт-Петербург Север,Кластер СПС 03 Полюстрово,Санкт-Петербург и ЛО,Шоссе Революции,"СПб, Шоссе Революции, 41/39, лит А ",,,,,59.95955499999999,30.4398556,"ш. Революции, 41/39, Санкт-Петербург, Россия, 195248",Санкт-Петербург
120,2131,Санкт-Петербург Север,Кластер СПС 03 Полюстрово,Санкт-Петербург и ЛО,Гражданский,"СПб, Просвещения пр., д.81, лит.А, лит.Б",,,,,60.0371485,30.3310829,"дом, 5, лит. Б, Санкт-Петербург, Россия, 194354",Санкт-Петербург
121,2141,Санкт-Петербург Север,Кластер СПС 06 Север,Санкт-Петербург и ЛО,Шуваловский,"СПб, Просвещения пр., д.37, лит.А, лит.Б",,,,,60.0371485,30.3310829,"дом, 5, лит. Б, Санкт-Петербург, Россия, 194354",Санкт-Петербург
122,2610,Санкт-Петербург Север,Кластер СПС 03 Полюстрово,Санкт-Петербург и ЛО,Науки,"Санкт-Петербург, Науки 23 лит.А корп1",,,,,60.010697,30.4036412,"Призма, пр. Науки, 23, Санкт-Петербург, Россия, 197022",Санкт-Петербург
123,2137,Санкт-Петербург Север,Кластер СПС 03 Полюстрово,Санкт-Петербург и ЛО,Родео-Драйв,"г.Санкт-Петербург, Культуры пр-т, д.1",,,,,59.9310584,30.3609097,"Санкт-Петербург, Россия",Санкт-Петербург
124,B328,Санкт-Петербург Юг,Кластер СПЮ 01 Большевиков,Санкт-Петербург и ЛО,Пискаревский,"Санкт-Петербург г., Маршала Блюхера пр-кт, 41, лит. А.",,,,,59.97532520000001,30.4081513,"пр. Маршала Блюхера, 41, Санкт-Петербург, Россия, 195221",Санкт-Петербург
125,B41D,Санкт-Петербург Юг,Кластер СПЮ 04 Острова,Санкт-Петербург и ЛО,Балтийский,"г. Санкт-Петербург, Большой проспект В.О., дом 68, литера А",,,,,59.93183730000001,30.2598867,"Большой проспект Васильевского острова, д. 68, Санкт-Петербург, Россия, 199106",Санкт-Петербург
126,B41G,Санкт-Петербург Юг,Кластер СПЮ 06 Юг,Санкт-Петербург и ЛО,Балтийская Жемчужина,"Санкт-Петербург, Петергофское ш-е, д. 51, лит. А",,,,,59.8476948,30.1522973,"Петергофское ш., Санкт-Петербург, Россия",Санкт-Петербург
127,B028,Волга,Кластер Волга 06 Самара Север,Самара,Спортивная  Малина,г. Тольятти ул Спортивная 4 В ,,,,,53.4991326,49.2884343,"ул. Спортивная, 4В, Тольятти, Самарская обл., Россия, 445057",город Тольятти
128,2154,Волга,Кластер Волга 07 Самара Юг,Самара,Мичуринский,"г. Самара, ул.Чернореченская, 38",,,,,53.1996623,50.14446359999999,"Чернореченская ул., 38, Самара, Самарская обл., Россия, 443096",город Самара
129,B272,Волга,Кластер Волга 06 Самара Север,Самара,Самара Парк Хаус,"Самарская область, г. Самара, Московское шоссе, 81А",,,,,53.23349899999999,50.2006969,"Московское ш., 81А, Самара, Самарская обл., Россия, 443111",город Самара
130,B373,Волга,Кластер Волга 06 Самара Север,Самара,"Самара, Вива Лэнд","г. Самара, пр-т Кирова, 147 ",,,,,53.220535,50.2627713,"пр. Кирова, 147, Самара, Самарская обл., Россия, 443077",город Самара
131,2157,Волга,Кластер Волга 06 Самара Север,Самара,Приволжский,"г. Самара, ул.Зои Космодемьянской, 7а",,,,,53.2601284,50.23178739999999,"Зои Космодемьянской ул., 7А, Самара, Самарская обл., Россия, 443122",город Самара
132,B032,Юг,Кластер ДЮ 01 Волгоград,Волгоград,Волгоград Пирамида,"г.Волгоград, Краснознаменская ул., д.9",,,,,48.7054567,44.5087268,"Краснознаменская ул., 9, Волгоград, Волгоградская обл., Россия, 400066",город Волгоград
133,B224,Юг,Кластер ДЮ 01 Волгоград,Волгоград,Волжский Волга Молл,"Волгоградская обл., г.Волжский, Александрова ул, 18А",,,,,48.7719787,44.80040109999999,"ул. Александрова, 18А, Волжский, Волгоградская обл., Россия, 404105",город Волжский
134,B033,Юг,Кластер ДЮ 01 Волгоград,Волгоград,Волгоград Ворошиловский,"г.Волгоград, Рабоче-Крестьянская ул., д.9Б",,,,,48.696931,44.501706,"Рабоче-Крестьянская ул., 9б, Волгоград, Волгоградская обл., Россия, 400119",город Волгоград
135,B365,Юг,Кластер ДЮ 01 Волгоград,Волгоград,"Волгоград, Землячки","Волгоградская область, г. Волгоград, Землячки 110",,,,,48.74502810000001,44.5185567,"ул. им. Землячки, 110, Волгоград, Волгоградская обл., Россия, 400010",город Волгоград
136,В546,Санкт-Петербург Юг,Кластер СПЮ 03 Купчино,Санкт-Петербург и ЛО,Аэропорт Пулково,"г. Санкт-Петербург, Пулковское ш., 41, лит.ЗА",,,,,59.7886342,30.32436959999999,"Пулковское ш., 41, Санкт-Петербург, Россия, 196140",Санкт-Петербург
137,2488,Волга,Кластер Волга 04 Нижний Новгород 1,Нижний Новгород,Борский,Нижегородская обл. г. Бор ул. Пушкина 102,,,,,56.35994669999999,44.05273380000001,"ул. Пушкина, д. 102, Бор, Нижегородская обл., Россия, 606440",Борский район
138,B231,Волга,Кластер Волга 05 Нижний Новгород 2,Нижний Новгород,"Дзержинск, Циолковский","г. Дзержинск, пр-кт Циолковского, д. 61",,,,,56.2273409,43.4161486,"пр. Циолковского, 61, Дзержинск, Нижегородская обл., Россия, 606029",город Дзержинск
139,B397,Волга,Кластер Волга 04 Нижний Новгород 1,Нижний Новгород,НН Новая Кузнечиха,"г. Нижний Новгород, 603136 ул. Романтиков 19",,,,,56.27544649999999,44.0470654,"ул. Романтиков, 19, Нижний Новгород, Нижегородская обл., Россия, 603162",город Нижний Новгород
140,2284,Волга,Кластер Волга 03 Казань,Казань,Мегга Мебель,"Татарстан, г.Казань, Сибирский Тракт, 34/1",,,,,55.8028826,49.18448679999999,"Сибирский Tракт, 34 корпус 1, Казань, Респ. Татарстан, Россия, 420029",город Казань
141,2285,Волга,Кластер Волга 03 Казань,Казань,Сувар Плаза,"г.Казань, Спартаковская ул., д.6",,,,,55.7786447,49.1298561,"Спартаковская ул., 6, Казань, Респ. Татарстан, Россия, 420107",город Казань
142,B257,Волга,Кластер Волга 03 Казань,Казань,Казань Кул Гали,"Республика Татарстан, г. Казань, Кул Гали ул, 9А",,,,,55.7522122,49.2277228,"ул. Кул Гали, 9а, Казань, Респ. Татарстан, Россия, 420141",город Казань
143,2736,Восток,Кластер ДВ 02 Екатеринбург 2,Екатеринбург,"Звездный, Березовский","г.Березовский,Березовский тракт ул., д.15",,,,,56.8905468,60.74366490000001,"ул. Березовский Тракт, 15, Березовский, Свердловская обл., Россия, 623701",город Березовский
144,2733,Восток,Кластер ДВ 01 Екатеринбург 1,Екатеринбург,"Звездный, Серова","г.Екатеринбург,Серова ул., д.41",,,,,56.8081037,60.59917359999999,"ул. Серова, 41, Екатеринбург, Свердловская обл., Россия, 620144",город Екатеринбург
145,2295,Восток,Кластер ДВ 01 Екатеринбург 1,Екатеринбург,Братьев Кашириных-универсам,"г.Челябинск ,Братьев Кашириных ул., д.99А",,,,,55.1781366,61.34784089999999,"ул. Братьев Кашириных, 99-а, Челябинск, Челябинская обл., Россия, 454021",город Челябинск
146,2739,Восток,Кластер ДВ 01 Екатеринбург 1,Екатеринбург,"Звездный, Ангарская","г.Екатеринбург,Ангарская ул., д.22,",,,,,56.8843389,60.49923620000001,"Ангарская ул., 22, Екатеринбург, Свердловская обл., Россия, 620050",город Екатеринбург
147,2737,Восток,Кластер ДВ 01 Екатеринбург 1,Екатеринбург,"Звездный, Опалихинская","г.Екатеринбург,Опалихинская ул., д.15",,,,,56.8487182,60.5643164,"Опалихинская ул., 15, Екатеринбург, Свердловская обл., Россия, 620034",город Екатеринбург
148,2436,Восток,Кластер ДВ 01 Екатеринбург 1,Екатеринбург,Радищева,"г.Екатеринбург Радищева ул., д.33",,,,,56.8283018,60.5894617,"ул. Радищева, 33, Екатеринбург, Свердловская обл., Россия, 620014",город Екатеринбург
149,B148,Восток,Кластер ДВ 01 Екатеринбург 1,Екатеринбург,"Екатеринбург, Мичуринский","Свердловская обл., г. Екатеринбург, ул. Евгения Савкова стр.41 ",,,,,56.7888363,60.4822238,"ул. Евгения Савкова, 41, Екатеринбург, Свердловская обл., Россия, 620036",город Екатеринбург
150,B242,Восток,Кластер ДВ 02 Екатеринбург 2,Екатеринбург,Березовский Центральный,Свердловская обл. г. Березовский ул. Театральная д.,,,,,56.9083248,60.8125953,"Театральная ул., Березовский, Свердловская обл., Россия",город Березовский
151,B241,Восток,Кластер ДВ 02 Екатеринбург 2,Екатеринбург,Заречный Ленинградская,"Свердловская обл, г. Заречный, ул. Ленинградская д.9",,,,,56.797043,61.321337,"ул. Ленинградская, 9, Заречный, Свердловская обл., Россия, 624250",город Заречный
152,B236,Восток,Кластер ДВ 02 Екатеринбург 2,Екатеринбург,"Екатеринбург, Аида","Свердловская обл., г. Екатеринбург, ул. Блюхера д.39",,,,,56.85243639999999,60.6407986,"ул. Блюхера, 39, Екатеринбург, Свердловская обл., Россия, 620041",город Екатеринбург
153,B497,Центр Юг,Кластер Большая Москва 01 Восток 1,Москва и МО,Покровская,"Москва, ул Покровская 18, стр1 ",,,,,55.7016562,37.9324735,"Покровская ул., 18 стр 1, Москва, Россия, 111674",Москва
154,2460,Москва Север,Кластер Москва 01 Восток 1,Москва и МО,МОСКВА СОРМОВСКАЯ,"г.Москва, ул Сормовская, д.6.",,,,,55.7107994,37.8122495,"Сормовская ул., 6, Москва, Россия, 109542",Москва
