Название,Сеть,Адрес,Город,Оборудование в магазине,Статус поддержки,tClients,name_combined
ПМ1,Патрик&Мари,"ул.Атарбекова, 5",Краснодар,ПМ1_ESL-SES,Архивный,,ПМ1
ПМ2,Патрик&Мари,"ул.Зиповская, 5\4",Краснодар,ПМ2_ESL-SES,Архивный,,ПМ2
ПМ3,Патрик&Мари,"ул.Кубано-Набережная, 35а",Краснодар,ПМ3_ESL-SES,Архивный,,ПМ3
ПМ4,Патрик&Мари,"ул.Проспект Чекистов, 17",Краснодар,ПМ4_ESL-SES,Архивный,,ПМ4
ПМ5,Патрик&Мари,"ул.Красная, 155",Краснодар,ПМ5_ESL-SES,Архивный,,ПМ5
ПМ6,Патрик&Мари,"ул.1 Мая, 168",Краснодар,ПМ6_ESL-SES,Архивный,,ПМ6
ПМ7,Патрик&Мари,"ул.Красная, 158",Краснодар,ПМ7_ESL-SES,Архивный,,ПМ7
ПМ8,Патрик&Мари,"ул.Красноармейская, 50",Краснодар,ПМ8_ESL-SES,Архивный,,ПМ8
ПМ9,Патрик&Мари,"ул.Шоссе Нефтяников, 63",Краснодар,ПМ9_ESL-ZKong,Архивный,,ПМ9
ПМ10,Патрик&Мари,"ул.Яна Полуяна, 43",Краснодар,ПМ10_ESL-SES,Архивный,,ПМ10
ПМ11,Патрик&Мари,"ул.Ставропольская, 140",Краснодар,ПМ11_ESL-ZKong,Архивный,,ПМ11
ПМ12,Патрик&Мари,ул.40 лет Победы 117,Краснодар,ПМ12_ESL-SES,Архивный,,ПМ12
ПМ13,Патрик&Мари,ул.3й Звенигородский проезд 81,Краснодар,ПМ13_ESL-SES,Архивный,,ПМ13
ПМ14,Патрик&Мари,ул.Петра Метальникова 3/1 к1,Краснодар,ПМ14_ESL-SES,Архивный,,ПМ14
ПМ15,Патрик&Мари,ул.Сормовская 108/2,Краснодар,ПМ15_ESL-SES,Архивный,,ПМ15
ПМ16,Патрик&Мари,ул.Красных Партизан 1/4 к2,Краснодар,ПМ16_ESL-SES,Архивный,,ПМ16
ПМ17,Патрик&Мари,ул.Кубанская 54,Краснодар,ПМ17_ESL-SES,Архивный,,ПМ17
ПМ 18,Патрик&Мари,"ул.Восточно-Кругликовская, 18",Краснодар,ПМ 18_ESL-SES,Архивный,,ПМ 18
ПМ 19,Патрик&Мари,Ст Динская ул. Красная 64,Краснодар,ПМ 19_ESL-ZKong,Архивный,,ПМ 19
ПМ20,Патрик&Мари,ул.40 лет Победы 33Г,Краснодар,ПМ20_ESL-ZKong,Архивный,,ПМ20
ПМ21,Патрик&Мари,"Сочи, ул.Московская 3к5",Сочи,ПМ21_ESL-ZKong,Архивный,,ПМ21
ПМ22,Патрик&Мари,бульвар Адмиралтейский 3/1,Краснодар,ПМ22_ESL-ZKong,Архивный,,ПМ22
Алексеева 24,Killer Price,г. Красноярск ул. Алексеева 24 оф. 41 магазин «Killprice»,Красноярск,Алексеева 24_ESL-ZKong,Архивный,,Алексеева 24
Варшавка 1,Smeg,"Варшавское ш., 1с1-2",Москва,Варшавка 1_ESL-SES,На поддержке,,Варшавка 1
Красный 22,Smeg,"Красный проспект, 22",Новосибирск,Красный 22_ESL-ZKong,На поддержке,,Красный 22
Зубовская 7,Miele,"   Зубовская ул., 7",Москва,Зубовская 7_ESL-ZKong,На гарантии,,Зубовская 7
6976,Пятёрочка,"г.Долгопрудный, Парковая ул., 36",МО,6976_ESL-SES,Нет активной поддержки,,6 976
3495,Пятёрочка,г. Хотьково,МО,3495_ESL-SES,Нет активной поддержки,,3 495
6462,Пятёрочка,г. Батайск ул. Тельмана 2б,Батайск,6462_ESL-SES,Нет активной поддержки,,6 462
L615,Пятёрочка,"г. Орел, ул. Металлургов 19",Орел,L615_ESL-SES,Нет активной поддержки,,L615
Y726,Пятёрочка,"г. Ярославль, Чкалова 2",Ярославль,Y726_ESL-SES,Нет активной поддержки,,Y726
5683,Пятёрочка,г. СПб Наставников 47,СПб,5683_ESL-SES,Нет активной поддержки,,5 683
4163,Пятёрочка,"г.Балашиха, Энтузиастов ш., 32",МО,4163_ESL-SES,Нет активной поддержки,,4 163
5085,Пятёрочка,"Рязань,Касимовское шоссе 25",Рязань,5085_ESL-SES,Нет активной поддержки,,5 085
4655,Пятёрочка,"г.Москва, Щепкина ул., 58 стр.3",Москва,4655_ESL-SES,Нет активной поддержки,,4 655
L260,Пятёрочка,"г. Н.Новгород, Фруктовая, 3",Нижний Новгород,L260_ESL-SES,Нет активной поддержки,,L260
3818,Пятёрочка,"г.Москва, Маршала Савицкого ул., 6А",Москва,3818_ESL-SES,Нет активной поддержки,,3 818
5285,Пятёрочка,"г. Химки, Сходня, Мичурина, д. 25",МО,5285_ESL-SES,Нет активной поддержки,,5 285
395b,Пятёрочка,"г. Краснодар Дальний пр. 11, корпус №1, пом.1-28.",Краснодар,395b_ESL-SES,Нет активной поддержки,,395b
j519,Пятёрочка,"Московская обл, Орехово-Зуевский р-н, Ликино-Дулево г, 1 Мая ул,4",МО,j519_ESL-SES,Нет активной поддержки,,j519
S596,Пятёрочка,"г.Долгопрудный, Академика Лаврентьева ул, 27",МО,S596_ESL-SES,Нет активной поддержки,,S596
6974,Пятёрочка,"г.Долгопрудный, Пацаева пр-т, 12",МО,6974_ESL-SES,Нет активной поддержки,,6 974
7803,Пятёрочка,"г.Долгопрудный, Спортивная ул., 5, к.1,п.Апте",МО,7803_ESL-SES,Нет активной поддержки,,7 803
33CF,Пятёрочка,"г. Москва, ул. Башиловская, д. 1, к. 1",Москва,33CF_ESL-ZKong,Нет активной поддержки,,33CF
33FN,Пятёрочка,"г. Москва, ул. Радиальная 6-я, д. 3, корп. 8",Москва,33FN_ESL-ZKong,Нет активной поддержки,,33FN
V,Пятёрочка,"г. Москва, Ильменский, 17к1,2",Москва,V_ESL-ZKong,Нет активной поддержки,,V
35YA,Пятёрочка,"г. Москва, Вятская, 27, 21",Москва,35YA_ESL-ZKong,Нет активной поддержки,,35YA
5216,Пятёрочка,"г. Москва, Хабаровская ул., 4",Москва,5216_ESL-ZKong,Нет активной поддержки,,5 216
5351,Пятёрочка,"г. Люберцы, Попова ул., 1",МО,5351_ESL-ZKong,Нет активной поддержки,,5 351
L603,Пятёрочка,"Большая Серпуховская улица, 46с34",Москва,L603_ESL-ZKong,Нет активной поддержки,,L603
3BSZ,Пятёрочка,"г. Москва, Очаковское шоссе д.5 к.4 (м. Аминьевское)",Москва,3BSZ_ESL-ZKong,Нет активной поддержки,,3BSZ
3BT0,Пятёрочка,"г. Москва, Барклая 6А корп. 1",Москва,3BT0_ESL-ZKong,Нет активной поддержки,,3BT0
3BV1,Пятёрочка,"г. Москва, Сосенское, А. Монаховой, 85к1",Москва,3BV1_ESL-ZKong,Нет активной поддержки,,3BV1
3BT1,Пятёрочка,"г. Москва, Давыдовская 10",Москва,3BT1_ESL-ZKong,Нет активной поддержки,,3BT1
3BS7,Пятёрочка,"г. Москва, Волоколамское ш. 71к4",Москва,3BS7_ESL-ZKong,Нет активной поддержки,,3BS7
329,МВидео,"Калужское шоссе, 21-й километр, с1. ТЦ Мега  ",Москва,329_ESL-SES,Поддержка не оплачена,,329
Аэропорт Сочи,Сочи DF,"   аэропорт Сочи  ",Сочи,Аэропорт Сочи_ESL-SES,Нет активной поддержки,,Аэропорт Сочи
201,Спортмастер,"Ленинградское ш., 16А, стр. 4",Москва,201_ESL-SES,Нет активной поддержки,,201
5780,Спортмастер,"Ходынский бул., 4",Москва,5780_ESL-SES,Нет активной поддержки,,5 780
6664,Спортмастер,"просп. Мира, 211, корп. 2",Москва,6664_ESL-SES,Нет активной поддержки,,6 664
159,Спортмастер,"Варшавское ш., д.129А",Москва,159_ESL-SES,Нет активной поддержки,,159
327,Спортмастер,"Ярославское ш. 21-й км, стр. 103",МО,327_ESL-SES,Нет активной поддержки,,327
5876,Спортмастер,"ул. Горная Карусель, 3, село Эстосадок",Сочи,5876_ESL-SES,Нет активной поддержки,,5 876
735,Спортмастер,"Пулковское ш., д.19Б",СПб,735_ESL-SES,Нет активной поддержки,,735
6659,Спортмастер,"1-й Покровский пр., 5, Котельники",Москва,6659_ESL-SES,Нет активной поддержки,,6 659
5306,Спортмастер,"ул. Новая заря 7, ТЦ Море Молл",Сочи,5306_ESL-SES,Нет активной поддержки,,5 306
285,Спортмастер,"ул. Шевченко, д.17/1",Новосибирск,285_ESL-SES,Нет активной поддержки,,285
6924,Спортмастер,"ул. Репина, 94",Екатеринбург,6924_ESL-SES,Нет активной поддержки,,6 924
6972,Спортмастер," Бетанкура ул., д. 3В",Нижний Новгород,6972_ESL-SES,Нет активной поддержки,,6 972
1075004,Теле-2,"г. Ижевск, ул. Удмуртская, д. 255б",,1075004_ESL-SES,На поддержке,Ижевский филиал   Т2 Мобайл ООО,1 075 004
848049,Теле-2,"г. Ижевск, ул. Ленина, д. 138 (ТЦ «КИТ»)",,848049_ESL-SES,На поддержке,Ижевский филиал   Т2 Мобайл ООО,848 049
1001879,Теле-2,"г. Ижевск, ул. Петрова, д. 29",,1001879_ESL-SES,На поддержке,Ижевский филиал   Т2 Мобайл ООО,1 001 879
1052070,Теле-2,"г. Ижевск, ул. Холмогорова, д. 11, ТРК «Талисман»",,1052070_ESL-SES,На поддержке,Ижевский филиал   Т2 Мобайл ООО,1 052 070
771318,Теле-2,"г. Казань, пр-т Победы, д. 91",,771318_ESL-ZKong,Нет активной поддержки,"Казанский филиал ООО ""Т2 Мобайл""",771 318
1017612,Теле-2,"г. Казань, ул. Павлюхина, д. 91",,1017612_ESL-SES,На поддержке,"Казанский филиал ООО ""Т2 Мобайл""",1 017 612
133119,Теле-2,"г. Казань, ул. Николая Ершова, д. 62",,133119_ESL-ZKong,На поддержке,"Казанский филиал ООО ""Т2 Мобайл""",133 119
1076665,Теле-2,"г. Набережные Челны, пр-т  Мира, д. 3, ТЦ Торговый квартал",,1076665_ESL-SES,На поддержке,"Казанский филиал ООО ""Т2 Мобайл""",1 076 665
1038422,Теле-2,"г. Новокуйбышевск, пр-т Победы, д. 1Ж",,1038422_ESL-SES,На поддержке,"Самарский   филиал ООО ""Т2 Мобайл""",1 038 422
1071536,Теле-2,"г. Киров, ул. Горького, д. 5а,  ТЦ ДжемМолл",,1071536_ESL-SES,На поддержке,Кировский филиал Т2 Мобайл ООО,1 071 536
1082902,Теле-2,"г. Киров, ул. Луганская, д. 53/2",,1082902_ESL-SES,Архивный,Кировский филиал Т2 Мобайл ООО,1 082 902
1037730,Теле-2,"г. Нижний Новгород, ул. Горького, д. 1",,1037730_ESL-SES,Архивный,Кировский филиал Т2 Мобайл ООО,1 037 730
753711,Теле-2,"г. Нижний Новгород, ул. Родионова, д. 187В, ТЦ Фантастика",,753711_ESL-SES,Нет активной поддержки,Нижний Новгород Т2 МОБАЙЛ ООО,753 711
989314,Теле-2,"г. Нижний Новгород, пл. Революции, д. 9, ТЦ Республика",,989314_ESL-SES,На поддержке,Нижний Новгород Т2 МОБАЙЛ ООО,989 314
1066838,Теле-2,"г. Нижний Новгород, ул. Гагарина, д. 35",,1066838_ESL-SES,На поддержке,Нижний Новгород Т2 МОБАЙЛ ООО,1 066 838
774607,Теле-2,"г. Ульяновск, ул. Гончарова, д. 23",,774607_ESL-SES,На поддержке,"Ульяновский  филиал ООО ""Т2 Мобайл""",774 607
750453,Теле-2,"г. Ульяновск,  Московское ш., д. 108",,750453_ESL-SES,На поддержке,"Ульяновский  филиал ООО ""Т2 Мобайл""",750 453
754122,Теле-2,"г. Ульяновск, Ульяновский пр-т, д. 1",,754122_ESL-SES,На поддержке,"Ульяновский  филиал ООО ""Т2 Мобайл""",754 122
751522,Теле-2,"г. Чебоксары, ул. Калинина, д. 105а",,751522_ESL-SES,На поддержке,"Чебоксарский филиал ООО ""Т2 МОБАЙЛ""",751 522
144766,Теле-2,"г. Нижний Новгород, ул. Гордеевская, 2А",,144766_,Нет активной поддержки,Нижний Новгород Т2 МОБАЙЛ ООО,144 766
889402,Теле-2,"г. Владивосток, пр-т 100-летия Владивостоку, д. 43",,889402_ESL-SES,На поддержке,"Приморский филиал ООО Т2 Мобайл""",889 402
738936,Теле-2,"г. Владивосток, ул. Луговая, д. 18",,738936_ESL-SES,На поддержке,"Приморский филиал ООО Т2 Мобайл""",738 936
78865,Теле-2,"г. Южно-Сахалинск, ул. Ленина, д. 196",,78865_ESL-SES,На поддержке,"Сахалинский филиал ООО ""Т2 Мобайл""",78 865
1002168,Теле-2,"г. Улан-Удэ, ул. Ленина , д. 26",,1002168_ESL-SES,На поддержке,Бурятский филиал Т2 МОБАЙЛ ООО,1 002 168
741366,Теле-2,"г. Улан-Удэ, ул. Жердева, д. 104",,741366_ESL-SES,На поддержке,Бурятский филиал Т2 МОБАЙЛ ООО,741 366
747383,Теле-2,"Иркутская обл., г. Ангарск, 8-й мкрн,, д. 1",,747383_ESL-ZKong,На поддержке,Иркутский филиал Т2 МОБАЙЛ ООО,747 383
746835,Теле-2,"Иркутская обл., г. Ангарск, квартал 58, д. 1",,746835_ESL-SES,На поддержке,Иркутский филиал Т2 МОБАЙЛ ООО,746 835
747392,Теле-2,"г. Иркутск, ул. Ленина, д. 25",,747392_ESL-SES,На поддержке,Иркутский филиал Т2 МОБАЙЛ ООО,747 392
812134,Теле-2,"г. Иркутск, ул. Литвинова, д. 17",,812134_ESL-SES,На поддержке,Иркутский филиал Т2 МОБАЙЛ ООО,812 134
113657,Теле-2,"г. Иркутск,ул. Сергеева, д. 3/5",,113657_ESL-ZKong,На поддержке,Иркутский филиал Т2 МОБАЙЛ ООО,113 657
1018178,Теле-2,"г. Иркутск,  Юбилейный мкрн, д. 19/1",,1018178_ESL-SES,На поддержке,Иркутский филиал Т2 МОБАЙЛ ООО,1 018 178
747395,Теле-2,"г. Иркутск, ул. Свердлова, д. 36",,747395_ESL-SES,На поддержке,Иркутский филиал Т2 МОБАЙЛ ООО,747 395
1133182,Теле-2,"г. Хабаровск, ул. Пионерская, д. 2-В",,1133182_ESL-SES,На поддержке,Хабаровский филиал Т2 Мобайл,1 133 182
1125920,Теле-2,"г. Хабаровск, ул. Муравьева-Амурского, д. 31",,1125920_ESL-SES,На поддержке,Хабаровский филиал Т2 Мобайл,1 125 920
29420,Теле-2,"г. Александров, ул. Ленина, д. 7 ",,29420_ESL-SES,На поддержке,"Владимирский филиал ООО ""Т2 Мобайл""",29 420
21008,Теле-2,"г. Ковров, пр-т Ленина, д. 59",,21008_ESL-SES,На поддержке,"Владимирский филиал ООО ""Т2 Мобайл""",21 008
20900,Теле-2,"г. Калуга, ул. Кирова, д. 46",,20900_ESL-SES,На поддержке,"Калужский филиал ООО ""Т2 Мобайл""",20 900
993207,Теле-2,"г. Калуга, ул. Кирова, д. 13",,993207_ESL-SES,На поддержке,"Калужский филиал ООО ""Т2 Мобайл""",993 207
996429,Теле-2,"г. Рязань, ул. Новоселов, д. 30А",,996429_ESL-SES,На поддержке,"Рязанский филиал ООО ""Т2 Мобайл""",996 429
" Б/Н",Теле-2,"г. Рязань, Московское ш., д.65А",," Б/Н_",Архивный,"Рязанский филиал ООО ""Т2 Мобайл"""," Б/Н"
1004742,Теле-2,"г. Смоленск, ул. Желябова, д. 1 ТЦ ""Байкал"" ",,1004742_ESL-SES,Архивный,"Смоленский филиал ООО ""Т2 Мобайл""",1 004 742
1067325,Теле-2,"г. Смоленск, пр-т Гагарина, д. 1",,1067325_ESL-SES,Нет активной поддержки,"Смоленский филиал ООО ""Т2 Мобайл""",1 067 325
989315,Теле-2,"г. Иваново, ул. Строителей, д. 25",,989315_ESL-SES,Архивный,Ивановский филиал Т2 МОБАЙЛ ООО,989 315
28678,Теле-2,"г. Богородицк, ул. Ленина, д.12",,28678_ESL-SES,Нет активной поддержки,"Тульский филиал ООО ""Т2 Мобайл""",28 678
1001973,Теле-2,"г. Тула, ул. Аркадия Шипунова, д. 1Г (Глобус) -",,1001973_ESL-SES,Нет активной поддержки,"Тульский филиал ООО ""Т2 Мобайл""",1 001 973
1001790,Теле-2,"г. Тула, ул . Металлургов, д.62а",,1001790_ESL-SES,Нет активной поддержки,"Тульский филиал ООО ""Т2 Мобайл""",1 001 790
128202,Теле-2,"г. Тула, ул. Пролетарская, д. 2",,128202_ESL-ZKong,Нет активной поддержки,"Тульский филиал ООО ""Т2 Мобайл""",128 202
77705,Теле-2,"г. Тула, ул. Демонстрации, д. 1Г",,77705_ESL-SES,На поддержке,"Тульский филиал ООО ""Т2 Мобайл""",77 705
1000878,Теле-2,"г. Тула, Красноармейский пр-т, д. 2",,1000878_ESL-SES,На поддержке,"Тульский филиал ООО ""Т2 Мобайл""",1 000 878
998406,Теле-2,"г. Тула, ул. Советская, д. 47",,998406_ESL-SES,Архивный,"Тульский филиал ООО ""Т2 Мобайл""",998 406
53113,Теле-2,"г. Узловая, ул. Беклемищева, д. 40",,53113_ESL-SES,Нет активной поддержки,"Тульский филиал ООО ""Т2 Мобайл""",53 113
889404,Теле-2,"г. Архангельск, Ленинградский, 38 - модуль ",,889404_ESL-SES,Архивный,"Архангельский филиал ООО ""Т2 МОБАЙЛ""",889 404
118154,Теле-2,"г. Архангельск, Ленинградский пр-т, д. 255",,118154_ESL-ZKong,Нет активной поддержки,"Архангельский филиал ООО ""Т2 МОБАЙЛ""",118 154
122008,Теле-2,"г. Архангельск, Воскресенская ул., д. 20, ТЦ Титан Арена",,122008_ESL-ZKong,Нет активной поддержки,"Архангельский филиал ООО ""Т2 МОБАЙЛ""",122 008
114419,Теле-2,"г. Архангельск, Ленинградский пр-т, д. 38 ТРЦ Макси",,114419_ESL-ZKong,На поддержке,"Архангельский филиал ООО ""Т2 МОБАЙЛ""",114 419
825255,Теле-2,"г. Северодвинск, ул. Ленина, д. 35",,825255_ESL-ZKong,Нет активной поддержки,"Архангельский филиал ООО ""Т2 МОБАЙЛ""",825 255
137744,Теле-2,"г. Северодвинск, Морской пр. 70",,137744_ESL-ZKong,Нет активной поддержки,"Архангельский филиал ООО ""Т2 МОБАЙЛ""",137 744
107761,Теле-2,"г. Вологда, ш. Окружное, д. 12, ТЦ ""РИО”",,107761_ESL-SES,Нет активной поддержки,"Вологодский филиал ООО ""Т2 Мобайл""",107 761
854537,Теле-2,"г. Вологда,ул. Карла Маркса, д. 105",,854537_ESL-ZKong,Нет активной поддержки,"Вологодский филиал ООО ""Т2 Мобайл""",854 537
808232,Теле-2,"г. Череповец, ул. Победы, д. 200",,808232_ESL-SES,Нет активной поддержки,"Вологодский филиал ООО ""Т2 Мобайл""",808 232
116412,Теле-2,"г. Череповец, Октябрьский пр-т, д. 25",,116412_ESL-ZKong,Нет активной поддержки,"Вологодский филиал ООО ""Т2 Мобайл""",116 412
104112,Теле-2,"г. Санкт-Петербург, ул. Брантовская дорога, д.3   mt49 мт",,104112_ESL-SES,Нет активной поддержки,,104 112
1067836,Теле-2,"г. Калининград, п. Орловка, Приморское кольцо, Балтия Молл",,1067836_ESL-SES,Архивный,"Калининградский филиал ООО ""Т2 Мобайл""",1 067 836
131970,Теле-2,"г. Калининград, Советский пр-т, д. 8, ТЦ Спар",,131970_ESL-ZKong,Нет активной поддержки,"Калининградский филиал ООО ""Т2 Мобайл""",131 970
1121867,Теле-2,"г. Мурманск, ул. Ленинградская, д. 20/3, ТЦ «Волна». -",,1121867_ESL-SES,Нет активной поддержки,"Мурманский филиал ООО ""Т2 Мобайл""",1 121 867
64339,Теле-2,"г. Мурманск, пр-т Ленина, д. 74",,64339_ESL-ZKong,Нет активной поддержки,"Мурманский филиал ООО ""Т2 Мобайл""",64 339
1001795,Теле-2,"г. Мурманск, пр-т Ленина, д. 32 ТЦ Молл -",,1001795_ESL-SES,На поддержке,"Мурманский филиал ООО ""Т2 Мобайл""",1 001 795
1121407,Теле-2,"г. Великий Новгород, ул. Ломоносова, д. 29, ТЦ Мармелад",,1121407_ESL-SES,Нет активной поддержки,Новгородский филиал Т2 МОБАЙЛ ООО,1 121 407
839057,Теле-2,"г. Великий Новгород, ул. Большая Санкт-Петербургская, д. 130",,839057_ESL-ZKong,Нет активной поддержки,Новгородский филиал Т2 МОБАЙЛ ООО,839 057
25712,Теле-2,"г. Петрозаводск, ул. Ленина, д. 37",,25712_ESL-SES,Нет активной поддержки,"Петрозаводский филиал ООО ""Т2 Мобайл""",25 712
831096,Теле-2,"г. Петрозаводск, пр-т Ленина, д. 14",,831096_ESL-ZKong,Нет активной поддержки,"Петрозаводский филиал ООО ""Т2 Мобайл""",831 096
991417,Теле-2,"г. Псков, д. Борисовичи, ул. Завеличенская, д. 23,  ТРЦ ""Fjord Plaza"", пом. 1.1.32",,991417_ESL-SES,Нет активной поддержки,"Псковский филиал ООО ""Т2 Мобайл",991 417
948195,Теле-2,"г. Псков, ул. Яна Фабрициуса, д.5в",,948195_ESL-ZKong,На поддержке,"Псковский филиал ООО ""Т2 Мобайл",948 195
95715,Теле-2,"г. Гатчина, ул. Соборная, д. 10",,95715_ESL-SES,Нет активной поддержки,"Санкт-Петербургский филиал ООО ""Т2 МОБАЙЛ""",95 715
937753,Теле-2,"г. Гатчина, Пушкинское ш., д. 15",,937753_ESL-ZKong,Нет активной поддержки,"Санкт-Петербургский филиал ООО ""Т2 МОБАЙЛ""",937 753
50203,Теле-2,"г. Пушкин, ул. Оранжерейная, д. 23",,50203_ESL-SES,Нет активной поддержки,"Санкт-Петербургский филиал ООО ""Т2 МОБАЙЛ""",50 203
742871,Теле-2,"г. Санкт-Петербург, ул. Комендантская, д. 1, ТЦ_Атмосфера",,742871_ESL-ZKong,Нет активной поддержки,"Санкт-Петербургский филиал ООО ""Т2 МОБАЙЛ""",742 871
120732,Теле-2,"г. Санкт-Петербург, пр-т Просвещения, д. 19, ТЦ Норд",,120732_ESL-SES,Нет активной поддержки,"Санкт-Петербургский филиал ООО ""Т2 МОБАЙЛ""",120 732
1017610,Теле-2,"г. Санкт-Петербург,  Славы 43",,1017610_ESL-SES,Нет активной поддержки,"Санкт-Петербургский филиал ООО ""Т2 МОБАЙЛ""",1 017 610
1039115,Теле-2,"г. Санкт-Петербург, пр-т Просвещения , д. 74",,1039115_ESL-SES,Нет активной поддержки,"Санкт-Петербургский филиал ООО ""Т2 МОБАЙЛ""",1 039 115
850522,Теле-2,"г. Санкт-Петербург, ул. Бухарестская, д. 89",,850522_ESL-SES,Нет активной поддержки,"Санкт-Петербургский филиал ООО ""Т2 МОБАЙЛ""",850 522
114537,Теле-2,"г. Санкт-Петербург, ул. Ленсовета, д. 97А",,114537_ESL-ZKong,Нет активной поддержки,"Санкт-Петербургский филиал ООО ""Т2 МОБАЙЛ""",114 537
127740,Теле-2,"г. Санкт-Петербург, ул. Бухарестская, д. 30",,127740_ESL-ZKong,Нет активной поддержки,"Санкт-Петербургский филиал ООО ""Т2 МОБАЙЛ""",127 740
827944,Теле-2,"г. Санкт-Петербург, пр-т Большевиков, д. 18",,827944_ESL-SES,Нет активной поддержки,"Санкт-Петербургский филиал ООО ""Т2 МОБАЙЛ""",827 944
77611,Теле-2,"г. Санкт-Петербург, Каменоостровский пр-т, д. 42",,77611_ESL-SES,Нет активной поддержки,"Санкт-Петербургский филиал ООО ""Т2 МОБАЙЛ""",77 611
930315,Теле-2,"г. Санкт-Петербург, Мурманское ш., 12-й км",,930315_ESL-SES,На поддержке,"Санкт-Петербургский филиал ООО ""Т2 МОБАЙЛ""",930 315
914886,Теле-2,"г. Санкт-Петербург, ул. Коллонтай, д. 3",,914886_ESL-SES,На поддержке,"Санкт-Петербургский филиал ООО ""Т2 МОБАЙЛ""",914 886
837896,Теле-2,"г. Санкт-Петербург, пр-т Ветеранов, д. 101",,837896_ESL-SES,На поддержке,"Санкт-Петербургский филиал ООО ""Т2 МОБАЙЛ""",837 896
118949,Теле-2,"г. Санкт-Петербург, пр-т Культуры, д.1, ТРК Родео Драйв",,118949_,Архивный,"Санкт-Петербургский филиал ООО ""Т2 МОБАЙЛ""",118 949
946405,Теле-2,"г. Санкт-Петербург, Прибрежная ул., д. 20",,946405_ESL-SES,На поддержке,"Санкт-Петербургский филиал ООО ""Т2 МОБАЙЛ""",946 405
1068771,Теле-2,"г. Санкт-Петербург, Московский пр-т, д. 216 ",,1068771_ESL-SES,Архивный,"Санкт-Петербургский филиал ООО ""Т2 МОБАЙЛ""",1 068 771
1072254,Теле-2,"г. Санкт-Петербург, ул. Долгоозерная, д. 14к2, ТЦ_5_Озер - ",,1072254_ESL-SES,Архивный,"Санкт-Петербургский филиал ООО ""Т2 МОБАЙЛ""",1 072 254
907272,Теле-2,"г. Мурино, б-р Менделеева, д.1А",,907272_ESL-SES,На поддержке,"Санкт-Петербургский филиал ООО ""Т2 МОБАЙЛ""",907 272
130056,Теле-2,"г. СПб, Большой пр.В.О. 68",,130056_ESL-ZKong,На поддержке,"Санкт-Петербургский филиал ООО ""Т2 МОБАЙЛ""",130 056
68861,Теле-2,"г. Санкт-Петербург, Московский, 2",,68861_ESL-ZKong,На поддержке,"Санкт-Петербургский филиал ООО ""Т2 МОБАЙЛ""",68 861
40398,Теле-2,"г. Колпино, ул. Октябрьская, д. 8 ",,40398_ESL-ZKong,Нет активной поддержки,"Санкт-Петербургский филиал ООО ""Т2 МОБАЙЛ""",40 398
10802,Теле-2,"г. Кронштадт, пр-т Ленина, д. 13.  Связь с Антоном",,10802_ESL-SES,На поддержке,"Санкт-Петербургский филиал ООО ""Т2 МОБАЙЛ""",10 802
36836,Теле-2,"г. Выборг, Ушакова 4 ",,36836_,Нет активной поддержки,"Санкт-Петербургский филиал ООО ""Т2 МОБАЙЛ""",36 836
129389,Теле-2,"Санкт-Петербург, улица Комсомола, 35",,129389_,Нет активной поддержки,"Санкт-Петербургский филиал ООО ""Т2 МОБАЙЛ""",129 389
137713,Теле-2,"г. Будённовск, ул. Октябрьская, д. 79 (ц. Рынок)",,137713_ESL-ZKong,На поддержке,"Ставропольский филиал ООО ""Т2 Мобайл""",137 713
142224,Теле-2,"г. Минеральные Воды, пр-т 22-го Партсъезда, д. 102 ТЦ Вершина",,142224_ESL-ZKong,На поддержке,"Ставропольский филиал ООО ""Т2 Мобайл""",142 224
137361,Теле-2,"г. Пятигорск, пр-т Кирова, д. 65, ТЦ Галерея",,137361_ESL-ZKong,На поддержке,"Ставропольский филиал ООО ""Т2 Мобайл""",137 361
144357,Теле-2,"г. Пятигоск,  ул. Ессентукская, д. 31а,  ТЦ Вершина Плаза",,144357_ESL-ZKong,На поддержке,"Ставропольский филиал ООО ""Т2 Мобайл""",144 357
137618,Теле-2,"г. Ставрополь, ул.Дзержинского, д. 131, ЦУМ",,137618_ESL-ZKong,На поддержке,"Ставропольский филиал ООО ""Т2 Мобайл""",137 618
142788,Теле-2,"г. Ставрополь, пр-т Карла Маркса, д. 53 ТЦ Европейский",,142788_ESL-ZKong,На поддержке,"Ставропольский филиал ООО ""Т2 Мобайл""",142 788
139325,Теле-2,"г. Ставрополь, пр-т Карла Маркса, д. 98 (Цифровой пятак)",,139325_ESL-ZKong,На поддержке,"Ставропольский филиал ООО ""Т2 Мобайл""",139 325
139768,Теле-2,"г. Ставрополь, ул. Доваторцев, д. 75А, ТЦ Космос",,139768_ESL-ZKong,На поддержке,"Ставропольский филиал ООО ""Т2 Мобайл""",139 768
142223,Теле-2,"г. Ставрополь, ул.Тухачевского, д. 16Б  Рынок",,142223_ESL-ZKong,На поддержке,"Ставропольский филиал ООО ""Т2 Мобайл""",142 223
116172,Теле-2,"г. Геленджик, ул. Ленина, д. 1",,116172_ESL-SES,Нет активной поддержки,Краснодарский филиал Т2 МОБАЙЛ ООО,116 172
820521,Теле-2,"г. Краснодар, Майкоп, ул. Пролетарская, д. 205",,820521_ESL-ZKong,Нет активной поддержки,Краснодарский филиал Т2 МОБАЙЛ ООО,820 521
124127,Теле-2,"г. Краснодар, ул. Покрышкина, д. 34",,124127_ESL-ZKong,Нет активной поддержки,Краснодарский филиал Т2 МОБАЙЛ ООО,124 127
995810,Теле-2,"г. Краснодар, ул. Головатова, д. 313",,995810_ESL-SES,Архивный,Краснодарский филиал Т2 МОБАЙЛ ООО,995 810
125340,Теле-2,"аул Новая Адыгея, Тургеневское ш., д. 27",,125340_ESL-ZKong,На поддержке,Краснодарский филиал Т2 МОБАЙЛ ООО,125 340
1000028,Теле-2,"г. Усть-Лабинск, ул. Ободовского, д. 27",,1000028_ESL-SES,Нет активной поддержки,Краснодарский филиал Т2 МОБАЙЛ ООО,1 000 028
1049427,Теле-2,"г. Аксай, Аксайский пр-т, д. 23, ТРК «МЕГА» ",,1049427_ESL-SES,На поддержке,Ростовский филиал Т2 МОБАЙЛ ООО,1 049 427
1001794,Теле-2,"г. Батайск, ул. Кирова, д. 8",,1001794_ESL-SES,Нет активной поддержки,Ростовский филиал Т2 МОБАЙЛ ООО,1 001 794
67529,Теле-2,"г. Новошахстинск, ул. Базарная, д. 29",,67529_ESL-SES,На поддержке,Ростовский филиал Т2 МОБАЙЛ ООО,67 529
981941,Теле-2,"г. Ростов-на-Дону, ул. Зорге, д. 33",,981941_ESL-ZKong,Нет активной поддержки,Ростовский филиал Т2 МОБАЙЛ ООО,981 941
1001462,Теле-2,"г. Ростов-на-Дону, пр-т Космонавтов, д. 2/2",,1001462_ESL-SES,Нет активной поддержки,Ростовский филиал Т2 МОБАЙЛ ООО,1 001 462
65121,Теле-2,"г. Ростов-на-Дону, ул. Б. Садовая, д. 43",,65121_ESL-ZKong,Нет активной поддержки,Ростовский филиал Т2 МОБАЙЛ ООО,65 121
1047269,Теле-2,"г. Ростов-на-Дону, ул Малиновского, д. 25",,1047269_ESL-SES,На поддержке,Ростовский филиал Т2 МОБАЙЛ ООО,1 047 269
132952,Теле-2,"г. Ростов-на-Дону, пр-т Косомнавтов, д. 19а/28Ж",,132952_ESL-ZKong,На поддержке,Ростовский филиал Т2 МОБАЙЛ ООО,132 952
59052,Теле-2,"г. Таганрог, Спартаковский пер., д. 3",,59052_ESL-SES,На поддержке,Ростовский филиал Т2 МОБАЙЛ ООО,59 052
784682,Теле-2,"г. Дмитров, ул. Загорская, д22 ",,784682_ESL-SES,На поддержке,"Московский филиал ООО ""2 МОБАЙЛ""",784 682
782274,Теле-2,"МО, г. Красногорск. Международная 12 ТЦ Вегас ",,782274_ESL-SES,На поддержке,"Московский филиал ООО ""2 МОБАЙЛ""",782 274
784671,Теле-2,МО_Зеленоград_ТЦ Иридиум_ТЕЛЕ2+Xiaomi -,,784671_ESL-SES,Нет активной поддержки,"Московский филиал ООО ""2 МОБАЙЛ""",784 671
137745,Теле-2,"МО, г. Красногорск, 66км МКАД, д.1",,137745_ESL-ZKong,Нет активной поддержки,"Московский филиал ООО ""2 МОБАЙЛ""",137 745
821532,Теле-2,МО_Люберцы_Октябрьский просп.366_Орбита,,821532_ESL-ZKong,Нет активной поддержки,"Московский филиал ООО ""2 МОБАЙЛ""",821 532
782279,Теле-2,"МО, г. Мытищи, ул. Мира, стр. 51",,782279_ESL-ZKong,Нет активной поддержки,"Московский филиал ООО ""2 МОБАЙЛ""",782 279
1063869,Теле-2,"Московская область, город Орехово-Зуево, улица Ленина, дом 78, пом. 1,9",,1063869_ESL-SES,На поддержке,"Московский филиал ООО ""2 МОБАЙЛ""",1 063 869
127881,Теле-2,"МО, Рамен.г.о,д.Островцы,ул. Подмосковная д.37, ТРЦ Мой Молл",,127881_ESL-ZKong,На поддержке,"Московский филиал ООО ""2 МОБАЙЛ""",127 881
1049428,Теле-2,"МО, г. Серпухов, ул. Ворошилова, д. 214_ТЦ Элефант",,1049428_ESL-SES,Нет активной поддержки,"Московский филиал ООО ""2 МОБАЙЛ""",1 049 428
782305,Теле-2,"Москва. Новокосинская, 31",,782305_ESL-SES,На поддержке,"Московский филиал ООО ""2 МОБАЙЛ""",782 305
932484,Теле-2,"Москва. Сходненская, 56",,932484_ESL-SES,На поддержке,"Московский филиал ООО ""2 МОБАЙЛ""",932 484
844652,Теле-2,"Москва. Красная пресня, 44",,844652_ESL-SES,Нет активной поддержки,"Московский филиал ООО ""2 МОБАЙЛ""",844 652
848698,Теле-2,"Москва, Веневская, ТЦ Витте Молл -",,848698_ESL-SES,На поддержке,"Московский филиал ООО ""2 МОБАЙЛ""",848 698
1000173,Теле-2,Москва. Декабристов 12,,1000173_ESL-SES,На поддержке,"Московский филиал ООО ""2 МОБАЙЛ""",1 000 173
1000730,Теле-2,"Москва, ТЦ Форт, Новоясеневский 11",,1000730_ESL-SES,Нет активной поддержки,"Московский филиал ООО ""2 МОБАЙЛ""",1 000 730
1014809,Теле-2,"Москва, ТЦ Водный, Головинское ш.5",,1014809_ESL-SES,Нет активной поддержки,"Московский филиал ООО ""2 МОБАЙЛ""",1 014 809
116647,Теле-2,"г. Москва, Зеленоград, корп. 1446, ТЦ Столица",,116647_ESL-SES,Нет активной поддержки,"Московский филиал ООО ""2 МОБАЙЛ""",116 647
1047794,Теле-2,"г. Москва, ул. Кустанайская, д.6, ТЦ Столица",,1047794_ESL-SES,Нет активной поддержки,"Московский филиал ООО ""2 МОБАЙЛ""",1 047 794
1021701,Теле-2,"г. Москва, Локомотивный пр-д, д. 4, ТЦ Парус",,1021701_ESL-SES,Нет активной поддержки,"Московский филиал ООО ""2 МОБАЙЛ""",1 021 701
1043638,Теле-2,"г. Москва, р-н Щукино, ул. Щукинская, д. 42 ТРК
  ""Щука"" ",,1043638_ESL-SES,Нет активной поддержки,"Московский филиал ООО ""2 МОБАЙЛ""",1 043 638
775840,Теле-2,"г. Москва Пражская ул. Кировоградская, д.13А ТРЦ Columbus",,775840_ESL-SES,Нет активной поддержки,"Московский филиал ООО ""2 МОБАЙЛ""",775 840
1049426,Теле-2,"г. Москва, Нахимовский пр-кт, д. 40",,1049426_ESL-SES,Нет активной поддержки,"Московский филиал ООО ""2 МОБАЙЛ""",1 049 426
1055072,Теле-2,"г. Москва, ул. 2-я Владимирская, 36",,1055072_ESL-SES,Нет активной поддержки,"Московский филиал ООО ""2 МОБАЙЛ""",1 055 072
1004153,Теле-2,"г. Москва, ш. Щелковское, 75",,1004153_ESL-SES,Нет активной поддержки,"Московский филиал ООО ""2 МОБАЙЛ""",1 004 153
1049425,Теле-2,"г. Москва Бабушкинская пр-д Дежнёва, 23а Эгомолл",,1049425_ESL-SES,Нет активной поддержки,"Московский филиал ООО ""2 МОБАЙЛ""",1 049 425
1056785,Теле-2,"г. Москва, Дмитровское шоссе, д.89, ТЦ XL Дмитровка",,1056785_ESL-SES,Нет активной поддержки,"Московский филиал ООО ""2 МОБАЙЛ""",1 056 785
1056466,Теле-2,"г. Москва, ул. Бутырская 2/18",,1056466_ESL-SES,На поддержке,"Московский филиал ООО ""2 МОБАЙЛ""",1 056 466
993810,Теле-2,"г. Москва, Чертановская 20/22, ТЦ Гравитация",,993810_ESL-SES,На поддержке,"Московский филиал ООО ""2 МОБАЙЛ""",993 810
1047268,Теле-2,"г. Москва, ул. Б. Черемушкинская 1, ТЦ ""Рио""",,1047268_ESL-SES,Нет активной поддержки,"Московский филиал ООО ""2 МОБАЙЛ""",1 047 268
1024731,Теле-2,"г. Москва, ул. Каховка, д.29А ТЦ Прайм Плаза",,1024731_ESL-SES,Нет активной поддержки,"Московский филиал ООО ""2 МОБАЙЛ""",1 024 731
1083914,Теле-2,"г. Москва, Багратионовский проезд д.5 ТЦ Филион -",,1083914_ESL-SES,Нет активной поддержки,"Московский филиал ООО ""2 МОБАЙЛ""",1 083 914
1086736,Теле-2,"г. Москва, Новослободская, д. 10",,1086736_ESL-SES,Нет активной поддержки,"Московский филиал ООО ""2 МОБАЙЛ""",1 086 736
818289,Теле-2,"г. Москва, пр. Свободный, 33А",,818289_ESL-SES,Нет активной поддержки,"Московский филиал ООО ""2 МОБАЙЛ""",818 289
1111667,Теле-2,"г Москва, ул. Мира 114 стр2",,1111667_ESL-SES,На поддержке,"Московский филиал ООО ""2 МОБАЙЛ""",1 111 667
137619,Теле-2,"г. Москва, Ходынский б-р, д. 4 ТЦ “Авиапарк”",,137619_ESL-SES,На поддержке,"Московский филиал ООО ""2 МОБАЙЛ""",137 619
954006,Теле-2,"г. Москва, пл. Киевского вокзала, д. 2, ТЦ «Европейский»",,954006_ESL-ZKong,Нет активной поддержки,"Московский филиал ООО ""2 МОБАЙЛ""",954 006
104114,Теле-2,"г. Москва, Пролетарский проспект д. 30, ТЦ «Ашан»",,104114_ESL-ZKong,Нет активной поддержки,"Московский филиал ООО ""2 МОБАЙЛ""",104 114
782295,Теле-2,"г. Москва, ул. Профсоюзная, д. 129А, ТЦ ""Принц Плаз""",,782295_ESL-ZKong,Нет активной поддержки,"Московский филиал ООО ""2 МОБАЙЛ""",782 295
774970,Теле-2,"г. Москва, ул. Фестивальная 2Б, ТРК Речной",,774970_ESL-ZKong,Нет активной поддержки,"Московский филиал ООО ""2 МОБАЙЛ""",774 970
116645,Теле-2,"г. Москва, Солнцевский пр-т, 21, ТЦ Столица",,116645_ESL-ZKong,Нет активной поддержки,"Московский филиал ООО ""2 МОБАЙЛ""",116 645
118951,Теле-2,"г. Москва, ул Авиаторов 3А, ТЦ Небо",,118951_ESL-ZKong,Нет активной поддержки,"Московский филиал ООО ""2 МОБАЙЛ""",118 951
925353,Теле-2,"г. Москва, ул. 7-ая Кожуховская, д.9, ТЦ Мозайка",,925353_ESL-ZKong,Нет активной поддержки,"Московский филиал ООО ""2 МОБАЙЛ""",925 353
788160,Теле-2,"г. Москва, Каширское ш., д. 26",,788160_ESL-ZKong,Нет активной поддержки,"Московский филиал ООО ""2 МОБАЙЛ""",788 160
786259,Теле-2,"г. Москва, Люблинская ул, д. 169к2",,786259_ESL-ZKong,Нет активной поддержки,"Московский филиал ООО ""2 МОБАЙЛ""",786 259
124126,Теле-2,"г. Москва, ул. Дыбенко, 71 (Ховрино, 3)",,124126_ESL-ZKong,Нет активной поддержки,"Московский филиал ООО ""2 МОБАЙЛ""",124 126
775853,Теле-2,"г. Москва, ул. Борисовские Пруды 26 к2_ТЦ Браво",,775853_ESL-ZKong,Нет активной поддержки,"Московский филиал ООО ""2 МОБАЙЛ""",775 853
122832,Теле-2,"г. Москва, Ореховый б-р, 15_ТЦ Галерея Водолей",,122832_ESL-ZKong,Нет активной поддержки,"Московский филиал ООО ""2 МОБАЙЛ""",122 832
125378,Теле-2,"г. Москва, Измайловское ш.69Д_ТЦ Альбатрос",,125378_ESL-ZKong,Нет активной поддержки,"Московский филиал ООО ""2 МОБАЙЛ""",125 378
126928,Теле-2,"г. Москва, ул. Ярцевская, д.25А ТЦ Трамплин",,126928_ESL-ZKong,Нет активной поддержки,"Московский филиал ООО ""2 МОБАЙЛ""",126 928
126236,Теле-2,"г. Москва, Ореховый б-р, д. 22_ТЦ Облака",,126236_ESL-ZKong,Нет активной поддержки,"Московский филиал ООО ""2 МОБАЙЛ""",126 236
127879,Теле-2,"г. Москва, ш. Варшавское, д.152А, ТЦ Сомбреро",,127879_ESL-ZKong,Нет активной поддержки,"Московский филиал ООО ""2 МОБАЙЛ""",127 879
125750,Теле-2,"г. Москва, Проспект Андропова д.8 ТЦ Мегаполис",,125750_ESL-ZKong,Нет активной поддержки,"Московский филиал ООО ""2 МОБАЙЛ""",125 750
126234,Теле-2,"г. Москва, ул. Красного Маяка, 2Б",,126234_ESL-ZKong,Нет активной поддержки,"Московский филиал ООО ""2 МОБАЙЛ""",126 234
126931,Теле-2,"г. Москва, пр-кт Мира, 40, ТЦ Гарденмир",,126931_ESL-ZKong,Нет активной поддержки,"Московский филиал ООО ""2 МОБАЙЛ""",126 931
128990,Теле-2,г. Москва_мкрн_Северное_Чертаново_1А_ТЦ Авентура_TOS,,128990_ESL-ZKong,Нет активной поддержки,"Московский филиал ООО ""2 МОБАЙЛ""",128 990
945252,Теле-2,"г. Москва, ш. Киевское, д.23-й км, 1 ТЦ Солярис",,945252_ESL-ZKong,На поддержке,"Московский филиал ООО ""2 МОБАЙЛ""",945 252
131359,Теле-2,"г. Москва, Большая Семёновская 20",,131359_ESL-ZKong,На поддержке,"Московский филиал ООО ""2 МОБАЙЛ""",131 359
123441,Теле-2,"г. Москва, ул. 6-я Нововатутинская, д.2",,123441_ESL-ZKong,На поддержке,"Московский филиал ООО ""2 МОБАЙЛ""",123 441
985575,Теле-2,"г. Москва, Аминьевское шоссе 6, ТЦ Квартал Вест",,985575_ESL-ZKong,На поддержке,"Московский филиал ООО ""2 МОБАЙЛ""",985 575
135368,Теле-2,"г. Москва, ул. Новый Арбат, 3с1",,135368_ESL-ZKong,На поддержке,"Московский филиал ООО ""2 МОБАЙЛ""",135 368
983698,Теле-2,"г. Москва, ул. Автозаводская, д. 18, ТЦ Ривьера",,983698_ESL-ZKong,На поддержке,"Московский филиал ООО ""2 МОБАЙЛ""",983 698
130077,Теле-2,"г. Москва, Павелецкая пл., д. 3 ТЦ Павелецкая плаза",,130077_ESL-ZKong,На поддержке,"Московский филиал ООО ""2 МОБАЙЛ""",130 077
132819,Теле-2,"г. Москва, Земляной Вал, 29",,132819_ESL-ZKong,На поддержке,"Московский филиал ООО ""2 МОБАЙЛ""",132 819
124354,Теле-2,"г. Москва, Ботанический сад ул. Леонова 18",,124354_ESL-ZKong,На поддержке,"Московский филиал ООО ""2 МОБАЙЛ""",124 354
1001160,Теле-2,"Московский, Никитина 2а",,1001160_ESL-SES,Нет активной поддержки,"Московский филиал ООО ""2 МОБАЙЛ""",1 001 160
949098,Теле-2,Москва\_Румянцево\_Киевское шоссе\_22й км\_д.6\_стр\_1\_БЦ Comcity,,949098_ESL-ZKong,На поддержке,"Московский филиал ООО ""2 МОБАЙЛ""",949 098
782248,Теле-2,"г. Мытищи, Шараповский проезд д.2 ТЦ Красный Кит",,782248_ESL-SES,Нет активной поддержки,"Московский филиал ООО ""2 МОБАЙЛ""",782 248
1085104,Теле-2,"г. Одинцово, Маршала Неделина, 6",,1085104_ESL-SES,Нет активной поддержки,"Московский филиал ООО ""2 МОБАЙЛ""",1 085 104
1069135,Теле-2,"Реутов, ул. Октября 10",,1069135_ESL-SES,Нет активной поддержки,"Московский филиал ООО ""2 МОБАЙЛ""",1 069 135
1039614,Теле-2,"г. Химки, Дружба 1а",,1039614_ESL-SES,Нет активной поддержки,"Московский филиал ООО ""2 МОБАЙЛ""",1 039 614
133110,Теле-2,Москва_Белорусская_ул_Тверская_Застава_3_Афимолл_2_TOS,,133110_,Нет активной поддержки,"Московский филиал ООО ""2 МОБАЙЛ""",133 110
133066,Теле-2,"Москва_Полежаевская_Хорошевское шоссе, д.27_ТРЦ Хорошо_Релокация_TOS",,133066_,Нет активной поддержки,"Московский филиал ООО ""2 МОБАЙЛ""",133 066
133013,Теле-2,МО_Одинцовский_го_село_Юдино_55Е_ТЦ_ОдиПарк_TOS,,133013_,Нет активной поддержки,"Московский филиал ООО ""2 МОБАЙЛ""",133 013
126926,Теле-2,Москва_ул_Академика_Алиханова_д4_ТЦ_Грис_Молл_126926_TOS,,126926_,Нет активной поддержки,"Московский филиал ООО ""2 МОБАЙЛ""",126 926
123442,Теле-2,Москва_Кузьминки_ул_Зеленодольская_вл_42_ТЦ_Кузьминки_Молл_TOS,,123442_,Нет активной поддержки,"Московский филиал ООО ""2 МОБАЙЛ""",123 442
142488,Теле-2,Москва_Кузьминки_пр-т_Волгоградский_82/37_Cofix_TRS,,142488_,Нет активной поддержки,"Московский филиал ООО ""2 МОБАЙЛ""",142 488
1043903,Теле-2,Москва_Рассказовка_дер_Рассказовка_ул_Корнея_Чуковского_д_2_ТЦ_Сказка_TOS,,1043903_,Нет активной поддержки,"Московский филиал ООО ""2 МОБАЙЛ""",1 043 903
945258,Теле-2,Москва_Теплый стан_Новоясеневский проспект_д_1_ТРЦ Спектр_TOS,,945258_,Нет активной поддержки,"Московский филиал ООО ""2 МОБАЙЛ""",945 258
1083912,Теле-2,"г. Кемерово, пр-т Молодежный, д. 2а",,1083912_ESL-SES,Нет активной поддержки,"Кемеровский филиал ООО ""Т2 Мобайл""",1 083 912
130090,Теле-2,"г. Кемерово, пр-т Шахтеров, д. 54",,130090_ESL-ZKong,Нет активной поддержки,"Кемеровский филиал ООО ""Т2 Мобайл""",130 090
115036,Теле-2,"г. Новокузнецк, ул. Кирова, д. 55, ТРЦ СитиМолл",,115036_ESL-ZKong,Нет активной поддержки,"Кемеровский филиал ООО ""Т2 Мобайл""",115 036
127878,Теле-2,"г. Новокузнецк, ул. ДОЗ, д. 10А",,127878_ESL-ZKong,Нет активной поддержки,"Кемеровский филиал ООО ""Т2 Мобайл""",127 878
137711,Теле-2,"г. Новокузнецк, пр-т Запсибовцев, д. 16, ТЦ Бриз",,137711_,Архивный,"Кемеровский филиал ООО ""Т2 Мобайл""",137 711
746760,Теле-2,"г. Ачинск, 6-й Микрорайон, д. 8",,746760_ESL-SES,Нет активной поддержки,"Красноярский филиал ООО ""Т2 Мобайл""",746 760
746767,Теле-2,"г. Красноярск, пр-т им. газеты Красноярский рабочий, д. 27",,746767_ESL-SES,Нет активной поддержки,"Красноярский филиал ООО ""Т2 Мобайл""",746 767
745523,Теле-2,"г. Красноярск, пр-т им. газеты Красноярский рабочий, д. 120",,745523_ESL-SES,Нет активной поддержки,"Красноярский филиал ООО ""Т2 Мобайл""",745 523
880610,Теле-2,"г. Красноярск, ул. Мартынова, д. 12",,880610_ESL-ZKong,Нет активной поддержки,"Красноярский филиал ООО ""Т2 Мобайл""",880 610
748457,Теле-2,"г. Красноярск, ул. 9 мая, д. 77, ТРЦ Планета",,748457_ESL-SES,Нет активной поддержки,"Красноярский филиал ООО ""Т2 Мобайл""",748 457
113676,Теле-2,"г. Красноярск, ул. Телевизорная, д. 1, стр. 90",,113676_ESL-ZKong,Нет активной поддержки,"Красноярский филиал ООО ""Т2 Мобайл""",113 676
15562,Теле-2,"г. Бердск, ул. Ленина, д. 52",,15562_ESL-SES,Нет активной поддержки,"Новосибирский  филиал ООО ""Т2 Мобайл""",15 562
1001875,Теле-2,"г. Новосибирск, ул. Военная, д. 5, ТЦ Аура",,1001875_ESL-SES,Архивный,"Новосибирский  филиал ООО ""Т2 Мобайл""",1 001 875
763990,Теле-2,"г. Новосибирск, ул. Курчатова, д. 1",,763990_ESL-SES,Нет активной поддержки,"Новосибирский  филиал ООО ""Т2 Мобайл""",763 990
20456,Теле-2,"г. Новосибирск, ул. Дзержинского, д. 61",,20456_ESL-SES,Нет активной поддержки,"Новосибирский  филиал ООО ""Т2 Мобайл""",20 456
68983,Теле-2,"г. Новосибирск, Красный пр-т, д. 188",,68983_ESL-SES,Нет активной поддержки,"Новосибирский  филиал ООО ""Т2 Мобайл""",68 983
730687,Теле-2,"г. Омск, б-р Архитекторов, д.35 СТЦ «Мега»",,730687_ESL-SES,Архивный,"Омский  филиал ООО ""Т2 Мобайл""",730 687
961411,Теле-2,"г. Томск, ул. Беринга, д. 10",,961411_ESL-ZKong,Нет активной поддержки,Томский филиал Т2 МОБАЙЛ ООО,961 411
1062841,Теле-2,"г. Томск, Комсомольский пр-т, д. 13б (Изумрудный город)",,1062841_ESL-SES,На поддержке,Томский филиал Т2 МОБАЙЛ ООО,1 062 841
115034,Теле-2,"г. Абакан, Некрасова, д. 31а",,115034_ESL-SES,Нет активной поддержки,Хакасия и Тыва филиал ООО “Т2 Мобайл”,115 034
879334,Теле-2,"г. Абакан, Пушкина, д. 48",,879334_ESL-SES,На поддержке,Хакасия и Тыва филиал ООО “Т2 Мобайл”,879 334
1095903,Теле-2,"г. Кызыл, ул. Кочетова, д. 47",,1095903_ESL-SES,На поддержке,Хакасия и Тыва филиал ООО “Т2 Мобайл”,1 095 903
1018332,Теле-2,"Белгородская обл., г. Алексеевка, ул. Мостовая, д. 71",,1018332_ESL-SES,Архивный,"Белгородский филиал ООО ""Т2 Мобайл""",1 018 332
754507,Теле-2,"г. Белгород, ул. Попова, д. 25",,754507_ESL-SES,Нет активной поддержки,"Белгородский филиал ООО ""Т2 Мобайл""",754 507
47341,Теле-2,"г. Белгород, Гражданский пр-т, д. 10",,47341_ESL-SES,Нет активной поддержки,"Белгородский филиал ООО ""Т2 Мобайл""",47 341
1018302,Теле-2,"г. Белгород, ул. Щорса, д. 64.",,1018302_ESL-SES,На поддержке,"Белгородский филиал ООО ""Т2 Мобайл""",1 018 302
968265,Теле-2,"г. Белгород, ул. Макаренко, д.12",,968265_ESL-SES,На поддержке,"Белгородский филиал ООО ""Т2 Мобайл""",968 265
964040,Теле-2,"г. Курск, ул. Карла Маркса, д. 6",,964040_ESL-ZKong,Нет активной поддержки,"Курский филиал ООО ""Т2 МОБАЙЛ""",964 040
1071538,Теле-2,"г. Липецк, ул. Титова, д. 10",,1071538_ESL-SES,Нет активной поддержки,"Липецкий филиал ООО ""Т2 Мобайл""",1 071 538
737945,Теле-2,"г. Липецк, пл. Победы, д. 1  ",,737945_ESL-SES,Нет активной поддержки,"Липецкий филиал ООО ""Т2 Мобайл""",737 945
127466,Теле-2,"г. Липецк, ул. Советская, д. 66 ",,127466_ESL-SES,Нет активной поддержки,"Липецкий филиал ООО ""Т2 Мобайл""",127 466
742532,Теле-2,"г. Саранск, ул. Пролетарская, д. 79",,742532_ESL-SES,Нет активной поддержки,Саранский филиал ООО “Т2 Мобайл”,742 532
826700,Теле-2,"г. Саранск, ул. Волгоградская, д. 71",,826700_ESL-SES,Нет активной поддержки,Саранский филиал ООО “Т2 Мобайл”,826 700
781841,Теле-2,"г. Ливны, пл. Автовокзальная, д.2",,781841_ESL-SES,Нет активной поддержки,"Орловский филиал ООО ""Т2 Мобайл""",781 841
1056465,Теле-2,"г. Орел, ул. Комсомольская, д. 229А",,1056465_ESL-SES,На поддержке,"Орловский филиал ООО ""Т2 Мобайл""",1 056 465
108276,Теле-2,"г. Пенза, ул. Кирова, д. 73",,108276_ESL-SES,Нет активной поддержки,"Пензенский филиал ООО ""Т2 Мобайл""",108 276
845343,Теле-2,"г. Пенза, ул. Суворова, д. 144А",,845343_ESL-SES,Нет активной поддержки,"Пензенский филиал ООО ""Т2 Мобайл""",845 343
113616,Теле-2,"г. Пенза , пр-т Строителей, д. 1В",,113616_ESL-SES,Нет активной поддержки,"Пензенский филиал ООО ""Т2 Мобайл""",113 616
740626,Теле-2,"г. Пенза, с.Засечное, ул. Новотерновская, д. 1, ТЦ Слава",,740626_ESL-SES,Нет активной поддержки,"Пензенский филиал ООО ""Т2 Мобайл""",740 626
736578,Теле-2,"г. Саратов,  ул. Тархова, д. 29а, «Рынок Солнечный»",,736578_ESL-SES,Нет активной поддержки,"Саратовский филиал ООО ""Т2 Мобайл""",736 578
1082903,Теле-2,"г. Саратов, пр-т Кирова, д. 23",,1082903_ESL-SES,Нет активной поддержки,"Саратовский филиал ООО ""Т2 Мобайл""",1 082 903
768754,Теле-2,"г. Энгельс, ул. Ленина, д. 4",,768754_ESL-SES,Нет активной поддержки,"Саратовский филиал ООО ""Т2 Мобайл""",768 754
90002,Теле-2,"г. Борисоглебск, ул. Советская, д. 37",,90002_ESL-SES,Нет активной поддержки,Воронежский филиал Т2 МОБАЙЛ ООО,90 002
1017611,Теле-2,"г. Воронеж, Ленинский пр-т, д. 174п",,1017611_ESL-SES,Нет активной поддержки,Воронежский филиал Т2 МОБАЙЛ ООО,1 017 611
1106428,Теле-2,"г. Воронеж, б-р Победы, д. 23Б, ТЦ Арена ",,1106428_ESL-SES,Нет активной поддержки,Воронежский филиал Т2 МОБАЙЛ ООО,1 106 428
909018,Теле-2,"г. Воронеж, ул. Героев Сибиряков, д. 65А, ТЦ Армада",,909018_ESL-SES,Нет активной поддержки,Воронежский филиал Т2 МОБАЙЛ ООО,909 018
918765,Теле-2,"г. Воронеж, Московский пр-т, д. 129/1, ТЦ МП",,918765_ESL-ZKong,Нет активной поддержки,Воронежский филиал Т2 МОБАЙЛ ООО,918 765
1050098,Теле-2,"г. Воронеж, ул. Парковая, д. 3",,1050098_ESL-SES,На поддержке,Воронежский филиал Т2 МОБАЙЛ ООО,1 050 098
1060740,Теле-2,"г. Воронеж, ул. 20-летия октября, д. 90 ",,1060740_ESL-SES,На поддержке,Воронежский филиал Т2 МОБАЙЛ ООО,1 060 740
836876,Теле-2,"г. Брянск, ул. Красноармейская, д. 100 ",,836876_ESL-SES,Нет активной поддержки,Брянский филиал Т2 МОБАЙЛ ООО,836 876
98609,Теле-2,"г. Брянск, ул. Объездная, д. 30",,98609_ESL-SES,На поддержке,Брянский филиал Т2 МОБАЙЛ ООО,98 609
1009023,Теле-2,"г. Брянск, ул. 3 Интернационала, д. 8",,1009023_ESL-SES,Нет активной поддержки,Брянский филиал Т2 МОБАЙЛ ООО,1 009 023
58517,Теле-2,"г. Тамбов, Коммунальная ул./Носовская ул., д. 21/7",,58517_ESL-ZKong,Нет активной поддержки,Тамбовский филиал Т2 МОБАЙЛ ООО,58 517
903417,Теле-2,"г. Тамбов, ул. Мичуринская, д. 211 ",,903417_ESL-SES,Нет активной поддержки,Тамбовский филиал Т2 МОБАЙЛ ООО,903 417
139711,Теле-2,"г. Тамбов, ул. Чичерина , д. 3",,139711_ESL-ZKong,На поддержке,Тамбовский филиал Т2 МОБАЙЛ ООО,139 711
113630,Теле-2,"г. Сыктывкар, Октябрьский пр-т, д. 141",,113630_ESL-ZKong,Нет активной поддержки,"Сыктывкарский филиал ООО ""Т2 Мобайл""",113 630
933989,Теле-2,"г. Ухта, ул. Заводская, д. 3",,933989_ESL-ZKong,Нет активной поддержки,"Сыктывкарский филиал ООО ""Т2 Мобайл""",933 989
111383,Теле-2,"г. Сыктывкар, ул. Коммунистическая, д. 50",,111383_ESL-SES,Нет активной поддержки,"Сыктывкарский филиал ООО ""Т2 Мобайл""",111 383
797957,Теле-2,"г. Нефтеюганск, 2-й мкрн., д. 33",,797957_ESL-ZKong,Нет активной поддержки,Ханты-Мансийский филиал Т2 МОБАЙЛ ООО,797 957
1071722,Теле-2,"г. Нижневартовск, ул. Ленина, д. 15П, ТЦ Югра Молл (у поддержки Кузоваткина 17)",,1071722_ESL-SES,Нет активной поддержки,Ханты-Мансийский филиал Т2 МОБАЙЛ ООО,1 071 722
112478,Теле-2,"г. Нижневартовск, ул. Ленина, д. 8",,112478_ESL-ZKong,Нет активной поддержки,Ханты-Мансийский филиал Т2 МОБАЙЛ ООО,112 478
1134063,Теле-2,"г. Сургут, пр-т Ленина, д. 37",,1134063_ESL-SES,Нет активной поддержки,Ханты-Мансийский филиал Т2 МОБАЙЛ ООО,1 134 063
1096681,Теле-2,"г. Ханты-Мансийск, ул. Энгельса, д. 1",,1096681_ESL-SES,Нет активной поддержки,Ханты-Мансийский филиал Т2 МОБАЙЛ ООО,1 096 681
112477,Теле-2,"г. Екатеринбург, ул. Амундсена, д. 65",,112477_ESL-SES,Нет активной поддержки,Екатеринбургский филиал Т2 МОБАЙЛ ООО,112 477
113384,Теле-2,"г. Екатеринбург, ул. Академика Шварца, д. 17",,113384_ESL-SES,Нет активной поддержки,Екатеринбургский филиал Т2 МОБАЙЛ ООО,113 384
123443,Теле-2,"г. Екатеринбург, ул. 8 Марта, д. 46",,123443_ESL-ZKong,Нет активной поддержки,Екатеринбургский филиал Т2 МОБАЙЛ ООО,123 443
1092824,Теле-2,"г. Екатеринбург, ул. Краснолесья, д. 133, ТЦ Академический",,1092824_ESL-SES,Нет активной поддержки,Екатеринбургский филиал Т2 МОБАЙЛ ООО,1 092 824
780178,Теле-2,"г. Екатеринбург, ул. Вайнера, д.9А",,780178_ESL-ZKong,На поддержке,Екатеринбургский филиал Т2 МОБАЙЛ ООО,780 178
771319,Теле-2,"г. Каменск-Уральский, пр-т Победы, д. 11А",,771319_ESL-ZKong,Нет активной поддержки,Екатеринбургский филиал Т2 МОБАЙЛ ООО,771 319
122016,Теле-2,"г. Каменск-Уральский, ул. Суворова, д. 24",,122016_ESL-ZKong,Нет активной поддержки,Екатеринбургский филиал Т2 МОБАЙЛ ООО,122 016
118153,Теле-2,"г. Новоуральск, Первомайская 87",,118153_ESL-ZKong,Нет активной поддержки,Екатеринбургский филиал Т2 МОБАЙЛ ООО,118 153
852296,Теле-2,"г. Оренбург, пр-т Дзержинского, д. 23",,852296_ESL-SES,Нет активной поддержки,Оренбургский филиал ООО “Т2 Мобайл”,852 296
900929,Теле-2,"г. Оренбург, пр-т Гагарина, д. 48",,900929_ESL-SES,Нет активной поддержки,Оренбургский филиал ООО “Т2 Мобайл”,900 929
876649,Теле-2,"г. Оренбург, пр-т Победы, д. 1А",,876649_ESL-SES,Нет активной поддержки,Оренбургский филиал ООО “Т2 Мобайл”,876 649
854536,Теле-2,"г. Оренбург, ул. Новая, д. 4",,854536_ESL-SES,На поддержке,Оренбургский филиал ООО “Т2 Мобайл”,854 536
755198,Теле-2,"Пермский Край, г. Березники, ул. Мира, д. 82",,755198_ESL-ZKong,Нет активной поддержки,Пермский филиал Т2 МОБАЙЛ ООО,755 198
1024729,Теле-2,"г. Краснокамск, Комсомольский пр-т, д. 20",,1024729_ESL-SES,Нет активной поддержки,Пермский филиал Т2 МОБАЙЛ ООО,1 024 729
1052156,Теле-2,"г. Пермь, Комсомольский пр-т, д. 58",,1052156_ESL-SES,Нет активной поддержки,Пермский филиал Т2 МОБАЙЛ ООО,1 052 156
1024733,Теле-2,"г. Пермь, ш. Космонавтов, д. 162",,1024733_ESL-SES,Нет активной поддержки,Пермский филиал Т2 МОБАЙЛ ООО,1 024 733
755183,Теле-2,"г. Пермь, Парковый пр-т, д. 17",,755183_ESL-SES,Нет активной поддержки,Пермский филиал Т2 МОБАЙЛ ООО,755 183
755182,Теле-2,"г. Пермь, ул. Мира, д. 41",,755182_ESL-SES,На поддержке,Пермский филиал Т2 МОБАЙЛ ООО,755 182
1011535,Теле-2,"г. Соликамск, ул. 20 лет победы, д. 117",,1011535_ESL-SES,Нет активной поддержки,Пермский филиал Т2 МОБАЙЛ ООО,1 011 535
914884,Теле-2,"г. Тобольск, 7 мкрн, д. 30 ,ТРЦ Жемчужина Сибири",,914884_ESL-SES,Нет активной поддержки,"Филиал ООО ""Т2 Мобайл"" в Тюменской и Курганской областях",914 884
1067191,Теле-2,"г. Тюмень, ул. Широтная, д. 112б, ТРЦ «Матрешка»",,1067191_ESL-SES,Нет активной поддержки,"Филиал ООО ""Т2 Мобайл"" в Тюменской и Курганской областях",1 067 191
1083371,Теле-2,"г. Тюмень, Московский тракт, д. 118, ТРЦ «Колумб»",,1083371_ESL-SES,Нет активной поддержки,"Филиал ООО ""Т2 Мобайл"" в Тюменской и Курганской областях",1 083 371
759099,Теле-2,"г. Тюмень, ул. Дмитрия Менделеева, д. 1",,759099_ESL-ZKong,Нет активной поддержки,"Филиал ООО ""Т2 Мобайл"" в Тюменской и Курганской областях",759 099
1067192,Теле-2,"г. Тюмень, ул. Пермякова, д. 50Б",,1067192_ESL-SES,На поддержке,"Филиал ООО ""Т2 Мобайл"" в Тюменской и Курганской областях",1 067 192
1086737,Теле-2,"г. Копейск, пр-т Славы, д. 8",,1086737_ESL-SES,Нет активной поддержки,"Челябинский филиал ООО ""Т2 МОБАЙЛ""",1 086 737
64048,Теле-2,"г. Магнитогорск, пр-т Карла Маркса, д. 168 (бывший Завенягина 10)",,64048_ESL-SES,Нет активной поддержки,"Челябинский филиал ООО ""Т2 МОБАЙЛ""",64 048
18781,Теле-2,"г. Магнитогорск, пр-т Карла Маркса, д. 109",,18781_ESL-ZKong,Нет активной поддержки,"Челябинский филиал ООО ""Т2 МОБАЙЛ""",18 781
854532,Теле-2,"г. Миасс, пр-т Автозаводцев, д. 65",,854532_ESL-SES,Нет активной поддержки,"Челябинский филиал ООО ""Т2 МОБАЙЛ""",854 532
18914,Теле-2,"г. Миасс, пр-т Автозаводцев, д. 23",,18914_ESL-SES,Нет активной поддержки,"Челябинский филиал ООО ""Т2 МОБАЙЛ""",18 914
1001464,Теле-2,"г. Челябинск, ул. Черкасская, д. 15",,1001464_ESL-SES,Нет активной поддержки,"Челябинский филиал ООО ""Т2 МОБАЙЛ""",1 001 464
759349,Теле-2,"г. Челябинск, ул. Дарвина, д. 18",,759349_ESL-SES,Нет активной поддержки,"Челябинский филиал ООО ""Т2 МОБАЙЛ""",759 349
754332,Теле-2,"г. Челябинск, ул. Кирова, д. 1Б",,754332_ESL-ZKong,Нет активной поддержки,"Челябинский филиал ООО ""Т2 МОБАЙЛ""",754 332
65089,Теле-2,"г. Челябинск, Комсомольский пр-т, д. 34Б",,65089_ESL-SES,Нет активной поддержки,"Челябинский филиал ООО ""Т2 МОБАЙЛ""",65 089
7623,Теле-2,"г. Челябинск, ул. Сони Кривой, д. 32",,7623_ESL-SES,Нет активной поддержки,"Челябинский филиал ООО ""Т2 МОБАЙЛ""",7 623
53440,Теле-2,"г. Златоуст,  ул. Гагарина, д. 10",,53440_ESL-ZKong,Нет активной поддержки,"Челябинский филиал ООО ""Т2 МОБАЙЛ""",53 440
762013,Теле-2,"г. Новый Уренгой, ул. Сибирская, д. 36",,762013_ESL-ZKong,На поддержке,"Ямало-Ненецкий филиал ООО ""Т2 Мобайл""",762 013
128201,Теле-2,"г. Новый Уренгой, ул. Подшибякина, д. 1, ТЦ Гудзон",,128201_ESL-ZKong,На поддержке,"Ямало-Ненецкий филиал ООО ""Т2 Мобайл""",128 201